provider,country,asn,asn_org,ip_count,prefix_count,hosting_ip_count,exit_node_count,avg_confidence
NordVPN,GB,212238,CDNEXT,2708,293,2708,2708,95.0
WLVPN,US,62651,NETPROTECT-62651,1496,74,1496,1496,95.0
IPVanish,US,62651,NETPROTECT-62651,1495,74,1495,1495,95.0
NordVPN,RO,9009,M247,1167,227,1167,1167,95.0
NordVPN,PA,136787,PACKETHUBSA-AS-AP PacketHub S.A.,1153,99,1153,1153,95.0
NordVPN,GB,62240,CLOUVIDER Clouvider - Global ASN,1079,44,1079,1079,95.0
CyberGhost,GB,212238,CDNEXT,878,49,878,878,71.7
CyberGhost,RO,9009,M247,782,60,782,782,72.8
NordVPN,AU,147049,PACKETHUBSA-AS-AP PacketHub S.A.,650,30,650,650,95.0
NordVPN,GB,25369,BANDWIDTH-AS,590,46,590,590,95.0
WLVPN,GB,62240,CLOUVIDER Clouvider - Global ASN,581,19,581,581,95.0
IPVanish,GB,62240,CLOUVIDER Clouvider - Global ASN,580,19,580,580,95.0
Astrill,GB,62240,CLOUVIDER Clouvider - Global ASN,539,14,539,539,78.0
ProtonVPN,GB,212238,CDNEXT,510,150,510,510,95.0
NordVPN,GB,60068,CDN77 _,425,55,425,425,95.0
NordVPN,PA,141039,PACKETHUBSA-AS-AP PacketHub S.A.,383,19,383,383,95.0
NordVPN,AU,137409,GSLNETWORKS-AS-AP GSL Networks Pty LTD,368,23,368,368,95.0
NordVPN,PA,207137,PACKETHUBSA,343,22,343,343,95.0
AirVPN,RO,9009,M247,300,44,300,300,95.0
Astrill,US,174,COGENT-174,289,13,289,289,78.0
AirVPN,NL,49453,GLOBALLAYER,288,7,288,288,95.0
Windscribe,GB,212238,CDNEXT,284,60,284,284,95.0
IPVanish,US,140952,"STL-AS-AP Strong Technology, LLC",276,13,276,276,95.0
WLVPN,US,140952,"STL-AS-AP Strong Technology, LLC",276,13,276,276,95.0
Astrill,US,62904,AS62904 - Eonix Corporation,275,9,275,275,78.0
CyberGhost,AU,137409,GSLNETWORKS-AS-AP GSL Networks Pty LTD,268,16,268,268,71.9
Astrill,GB,212238,CDNEXT,256,1,256,256,80.0
ProtonVPN,RO,9009,M247,251,127,251,251,95.0
Njalla,RO,39287,ABSTRACT,241,16,241,241,80.0
Sentinel dVPN,US,36352,AS-COLOCROSSING,236,176,236,236,95.0
StrongVPN,US,22781,STRTEC,226,64,226,226,80.9
StrongVPN,US,62651,NETPROTECT-62651,199,49,199,199,84.0
Windscribe,RO,9009,M247,195,40,195,195,95.0
WLVPN,US,22781,STRTEC,176,8,176,176,95.0
CyberGhost,US,174,COGENT-174,168,19,168,168,71.3
IPVanish,US,22781,STRTEC,161,7,161,161,95.0
CyberGhost,GB,60068,CDN77 _,153,19,153,153,72.1
TunnelBear,RO,9009,M247,137,22,137,137,95.0
IPVanish,US,174,COGENT-174,134,5,134,134,95.0
WLVPN,US,174,COGENT-174,134,5,134,134,95.0
Mullvad,US,11878,TZULO,127,61,127,127,95.0
PureVPN,GB,212238,CDNEXT,127,54,127,127,88.0
CyberGhost,SE,42708,GLESYS glesys.com,125,8,125,125,72.0
WiTopia,RO,9009,M247,125,23,125,125,95.0
Mullvad,GB,212238,CDNEXT,114,44,114,114,95.0
AirVPN,US,11878,TZULO,112,17,112,112,95.0
AirVPN,CA,32489,AMANAHA-NEW,104,6,104,104,95.0
ExpressVPN,CY,206092,SECFIREWALLAS,104,29,104,104,70.0
NordVPN,US,396356,LATITUDE-SH,103,7,103,103,95.0
TunnelBear,US,21859,ZEN-ECN,101,25,101,101,95.0
Astrill,US,36352,AS-COLOCROSSING,96,39,96,96,78.1
Astrill,FR,16276,OVH,95,16,95,95,78.0
Mullvad,RO,9009,M247,93,50,93,93,95.0
PureVPN,RO,9009,M247,93,42,93,93,88.0
Privado,NL,34343,BIP-AS BIP Backbone ASN,89,12,89,89,95.0
Mullvad,SE,39351,ESAB-AS,88,20,88,88,95.0
ExpressVPN,AU,137409,GSLNETWORKS-AS-AP GSL Networks Pty LTD,87,35,87,87,69.7
Astrill,US,20473,AS-VULTR,84,3,84,84,78.0
Sentinel dVPN,DE,8560,"IONOS-AS This is the joint network for IONOS, Fasthosts, Arsys, 1&1 Mail and Media and 1&1 Telecom. Formerly known as 1&1 Internet SE.",84,81,84,84,95.0
Windscribe,US,11878,TZULO,84,14,84,84,95.0
IPVanish,US,46844,SHARKTECH,81,2,81,81,95.0
TunnelBear,US,14061,DIGITALOCEAN-ASN,81,77,81,81,95.0
WLVPN,US,46844,SHARKTECH,81,2,81,81,95.0
Private Internet Access,RO,9009,M247,80,29,80,80,95.0
Private Internet Access,US,137409,GSLNETWORKS-AS-AP GSL Networks Pty LTD,72,36,72,72,95.0
NordVPN,BR,262287,Latitude.sh LTDA,70,8,70,70,95.0
OVPN,SE,42675,OBEHOSTING Obehosting AB,68,6,68,68,95.0
VPN Unlimited,US,20473,AS-VULTR,67,60,67,67,70.0
Astrill,US,36351,SOFTLAYER,63,12,63,63,78.1
IPVanish,US,54203,NETPROTECT-SP,63,2,63,63,95.0
WLVPN,US,54203,NETPROTECT-SP,63,2,63,63,95.0
Private Internet Access,AU,137409,GSLNETWORKS-AS-AP GSL Networks Pty LTD,60,21,60,60,95.0
IPVanish,US,36352,AS-COLOCROSSING,59,2,59,59,95.0
Private Internet Access,GB,212238,CDNEXT,59,25,59,59,95.0
WLVPN,US,36352,AS-COLOCROSSING,59,2,59,59,95.0
WorldVPN,DE,24940,HETZNER-AS,58,46,58,58,88.0
Astrill,US,6939,HURRICANE,54,13,54,54,78.0
Giganews,US,22363,PHMGMT-AS1,54,54,54,54,78.0
VyprVPN,US,22363,PHMGMT-AS1,54,54,54,54,95.0
NordVPN,IN,203020,HOSTROYALE,52,6,52,52,95.0
Anonine,RO,9009,M247,51,9,51,51,95.0
BoxPN,RO,9009,M247,51,9,51,51,95.0
EasyHideIP,RO,9009,M247,51,9,51,51,95.0
FrootVPN,RO,9009,M247,51,9,51,51,95.0
NordVPN,AU,136557,HOST-AS-AP Host Universal Pty Ltd,51,8,51,51,95.0
PureVPN,AU,137409,GSLNETWORKS-AS-AP GSL Networks Pty LTD,49,18,49,49,88.0
VPN Unlimited,US,14061,DIGITALOCEAN-ASN,49,34,49,49,70.0
IPVanish,GB,3223,VOXILITY,47,2,47,47,95.0
NordVPN,NL,49453,GLOBALLAYER,47,4,47,47,95.0
PureVPN,MY,132372,GBNETWORK-AS-AP GB Network Solutions Sdn. Bhd.,47,17,47,47,88.0
WLVPN,GB,3223,VOXILITY,47,2,47,47,95.0
CyberGhost,NL,51430,ALTUS,46,2,46,46,71.1
WiTopia,US,393423,NTT-GLOBAL-DATA-CENTERS-AMERICA-INC,46,2,46,46,95.0
IPVanish,US,21859,ZEN-ECN,45,6,45,45,95.0
WLVPN,US,21859,ZEN-ECN,45,6,45,45,95.0
AirVPN,US,62744,QUINTEX,44,2,44,44,95.0
Privado,NL,205467,BASEIP-LAX,44,6,44,44,95.0
TunnelBear,SG,63949,AKAMAI-LINODE-AP Akamai Connected Cloud,44,33,44,44,95.0
VPN Unlimited,NL,209847,THE,43,21,43,43,70.0
IPVanish,US,13737,AS-INCX,40,1,40,40,95.0
Trust.Zone,RO,9009,M247,40,33,40,40,70.0
WLVPN,US,13737,AS-INCX,40,1,40,40,95.0
WiTopia,FR,16276,OVH,40,7,40,40,95.0
IPVanish,NL,43350,NFORCE,39,1,39,39,95.0
NordVPN,US,20278,NEXEON,39,9,39,39,95.0
WLVPN,NL,43350,NFORCE,39,1,39,39,95.0
CyberGhost,LT,61272,IST-AS,38,2,38,38,73.3
ExpressVPN,GB,212238,CDNEXT,38,17,38,38,69.1
Goosevpn,RO,9009,M247,38,31,38,38,78.0
IPVanish,AU,137409,GSLNETWORKS-AS-AP GSL Networks Pty LTD,38,7,38,38,95.0
IPVanish,RO,9009,M247,38,6,38,38,95.0
IVPN,GB,60068,CDN77 _,38,29,38,38,95.0
Opera VPN,SE,205016,HERNLABS,38,3,38,38,70.0
WLVPN,AU,137409,GSLNETWORKS-AS-AP GSL Networks Pty LTD,38,7,38,38,95.0
WLVPN,RO,9009,M247,38,6,38,38,95.0
Astrill,US,46844,SHARKTECH,37,14,37,37,78.2
AirVPN,SE,51815,TEKNIKBYRAN,36,1,36,36,95.0
Astrill,US,30058,FDCSERVERS,36,17,36,36,78.0
Astrill,US,40676,AS40676 - Psychz Networks,36,13,36,36,78.0
CyberGhost,GB,58065,PACKETEXCHANGE,35,2,35,35,72.1
IPVanish,CA,55286,SERVER-MANIA,35,1,35,35,95.0
IPVanish,GB,42831,"UKSERVERS-AS UK Dedicated Servers, Hosting and Co-Location",35,4,35,35,95.0
Mullvad,IN,203020,HOSTROYALE,35,17,35,35,95.0
WLVPN,CA,55286,SERVER-MANIA,35,1,35,35,95.0
WLVPN,GB,42831,"UKSERVERS-AS UK Dedicated Servers, Hosting and Co-Location",35,4,35,35,95.0
CyberGhost,GB,41564,AS41564,34,1,34,34,72.2
IPVanish,US,13926,NETPROTECT-PHX,34,1,34,34,95.0
Sentinel dVPN,GB,49683,MASSIVEGRID,34,21,34,34,95.0
Sentinel dVPN,GB,61112,AkileCloud Network,34,23,34,34,95.0
WLVPN,US,13926,NETPROTECT-PHX,34,1,34,34,95.0
Astrill,CA,55286,SERVER-MANIA,33,7,33,33,78.1
FastestVPN,RO,9009,M247,33,29,33,33,95.0
ProtonVPN,GB,60068,CDN77 _,33,17,33,33,95.0
AirVPN,NL,6206,NETROUTING-AS,32,5,32,32,95.0
IVPN,RO,9009,M247,32,22,32,32,95.0
Astrill,US,22612,NAMECHEAP-NET,31,1,31,31,80.0
Astrill,US,32097,WII,31,3,31,31,79.3
Windscribe,GB,60068,CDN77 _,31,8,31,31,95.0
NordVPN,GB,58325,BANDWIDTH-ASIA,30,3,30,30,95.0
ProtonVPN,NL,49981,WORLDSTREAM,30,24,30,30,95.0
WiTopia,GB,0,,30,1,30,30,95.0
Windscribe,EE,206804,ESTNOC-GLOBAL,30,7,30,30,95.0
ExpressVPN,BR,262287,Latitude.sh LTDA,29,5,29,29,70.0
FlowVPN,CA,136258,"ONEPROVIDER-AS BrainStorm Network, Inc",29,16,29,29,70.0
IPVanish,GB,212238,CDNEXT,29,1,29,29,95.0
SwitchVPN,US,20473,AS-VULTR,29,19,29,29,88.0
VPNSecure,FR,16276,OVH,29,19,29,29,88.0
WLVPN,GB,212238,CDNEXT,29,1,29,29,95.0
Astrill,TW,3462,HINET Data Communication Business Group,28,13,28,28,78.0
Astrill,US,63023,AS-GLOBALTELEHOST,28,7,28,28,78.1
Privado,NL,34305,BASEIP,28,4,28,28,95.0
VPN Unlimited,CA,136258,"ONEPROVIDER-AS BrainStorm Network, Inc",28,11,28,28,70.0
Anonine,US,63023,AS-GLOBALTELEHOST,27,3,27,27,95.0
Astrill,RO,9009,M247,27,10,27,27,78.0
BoxPN,US,63023,AS-GLOBALTELEHOST,27,3,27,27,95.0
EasyHideIP,US,63023,AS-GLOBALTELEHOST,27,3,27,27,95.0
ExpressVPN,GB,13213,UK2NET-AS,27,1,27,27,70.0
FrootVPN,US,63023,AS-GLOBALTELEHOST,27,3,27,27,95.0
Private Internet Access,US,174,COGENT-174,27,13,27,27,95.0
ProtonVPN,AU,136557,HOST-AS-AP Host Universal Pty Ltd,27,12,27,27,95.0
Windscribe,AU,137409,GSLNETWORKS-AS-AP GSL Networks Pty LTD,27,8,27,27,95.0
CyberGhost,EE,206804,ESTNOC-GLOBAL,26,2,26,26,71.9
IPVanish,GB,25369,BANDWIDTH-AS,26,2,26,26,95.0
WLVPN,GB,25369,BANDWIDTH-AS,26,2,26,26,95.0
WiTopia,US,395954,LEASEWEB-USA-LAX,25,4,25,25,95.0
WiTopia,US,396362,LEASEWEB-USA-NYC,25,5,25,25,95.0
WorldVPN,US,63473,HOSTHATCH,25,9,25,25,88.0
AirVPN,CA,394256,CLOUDSINGULARITY,24,2,24,24,95.0
CyberGhost,RO,44679,BINBOX-GLOBAL-SERVICES,24,2,24,24,71.0
NordVPN,GB,42831,"UKSERVERS-AS UK Dedicated Servers, Hosting and Co-Location",24,22,24,24,95.0
ExpressVPN,GB,62240,CLOUVIDER Clouvider - Global ASN,22,10,22,22,70.0
Sentinel dVPN,RO,9009,M247,22,20,22,22,95.0
VPN Jantit,CN,45102,"ALIBABA-CN-NET Alibaba US Technology Co., Ltd.",22,21,22,22,88.0
ExpressVPN,US,396356,LATITUDE-SH,21,8,21,21,70.0
Mullvad,VU,43357,OWL Owl Limited,21,6,21,21,95.0
Private Internet Access,US,212238,CDNEXT,21,9,21,21,95.0
Windscribe,AR,263812,SONDATECH S.A.S.,21,7,21,21,95.0
AirVPN,US,63018,DEDICATED,20,1,20,20,95.0
EasyHideIP,GB,42831,"UKSERVERS-AS UK Dedicated Servers, Hosting and Co-Location",20,3,20,20,95.0
IPVanish,GB,13213,UK2NET-AS,20,1,20,20,95.0
Mullvad,AU,136557,HOST-AS-AP Host Universal Pty Ltd,20,7,20,20,95.0
ProtonVPN,CH,209103,PROTONVPN,20,4,20,20,95.0
Sentinel dVPN,CA,136258,"ONEPROVIDER-AS BrainStorm Network, Inc",20,12,20,20,95.0
TunnelBear,NZ,45179,SITEHOST-AS-AP SiteHost New Zealand,20,1,20,20,95.0
VPN Unlimited,US,46450,PILOT,20,2,20,20,70.0
VPN.ac,RO,9009,M247,20,17,20,20,95.0
WLVPN,GB,13213,UK2NET-AS,20,1,20,20,95.0
WiTopia,TR,48011,DIGITURUNC,20,1,20,20,95.0
WiTopia,US,27411,LEASEWEB-USA-CHI,20,7,20,20,95.0
WiTopia,US,63018,DEDICATED,20,3,20,20,95.0
Astrill,US,18779,EGIHOSTING,19,4,19,19,78.0
AzireVPN,GB,60068,CDN77 _,19,19,19,19,95.0
CyberGhost,MD,43289,TRABIA,19,3,19,19,72.6
Giganews,US,40861,PARAD-40-ASN,19,8,19,19,78.0
VPN Unlimited,FR,12876,Online SAS,19,13,19,19,70.0
VyprVPN,US,40861,PARAD-40-ASN,19,8,19,19,95.0
ProtonVPN,CH,199218,PROTONVPN-2,18,5,18,18,95.0
SSHMax,CZ,60592,GRANSY Gransy s.r.o. gransy.com,18,2,18,18,70.0
Sentinel dVPN,IT,214677,DELUXHOST,18,12,18,18,95.0
VPN Gate,KR,4766,KIXS-AS-KR Korea Telecom,18,18,18,18,78.0
VPN Jantit,GB,215540,GCS-AS,18,15,18,18,88.0
VPNUK,GB,51905,CWCS-VM CompuWeb Communications Services Ltd,18,8,18,18,95.0
WLVPN,EE,206804,ESTNOC-GLOBAL,18,3,18,18,95.0
WiTopia,US,47100,WITOPIA-AS1,18,2,18,18,95.0
Windscribe,AU,133480,INT-5GN-AS-AP 5G NETWORK OPERATIONS PTY LTD,18,6,18,18,95.0
Windscribe,US,13737,AS-INCX,18,3,18,18,95.0
IPVanish,EE,206804,ESTNOC-GLOBAL,17,3,17,17,95.0
NordVPN,SE,51747,INTERNETBOLAGET,17,1,17,17,95.0
Sentinel dVPN,CN,45102,"ALIBABA-CN-NET Alibaba US Technology Co., Ltd.",17,17,17,17,95.0
AirVPN,LV,52048,RIXHOST,16,4,16,16,95.0
Anonine,AU,136557,HOST-AS-AP Host Universal Pty Ltd,16,2,16,16,95.0
Astrill,DE,29066,VELIANET-AS velia.net Internetdienste GmbH,16,9,16,16,78.0
Astrill,US,22439,PERFECT-INTERNATIONAL,16,3,16,16,78.2
Astrill,US,396356,LATITUDE-SH,16,5,16,16,78.0
BoxPN,AU,136557,HOST-AS-AP Host Universal Pty Ltd,16,2,16,16,95.0
EasyHideIP,AU,136557,HOST-AS-AP Host Universal Pty Ltd,16,2,16,16,95.0
FrootVPN,AU,136557,HOST-AS-AP Host Universal Pty Ltd,16,2,16,16,95.0
NordVPN,IN,207990,HR-CUSTOMER,16,2,16,16,95.0
NordVPN,IN,39486,HOSTROYALE,16,2,16,16,95.0
Perimeter81,US,16509,AMAZON-02,16,4,16,16,70.0
Smartdnsproxy,RO,9009,M247,16,15,16,16,78.0
StrongVPN,GB,62240,CLOUVIDER Clouvider - Global ASN,16,7,16,16,83.8
TunnelBear,HK,133752,LEASEWEB-APAC-HKG-10 LEASEWEB HONG KONG LIMITED,16,3,16,16,95.0
TunnelBear,US,29838,AMC,16,4,16,16,95.0
TunnelBear,US,46475,LIMESTONENETWORKS,16,5,16,16,95.0
VPN Gate,US,36599,SOFTETHER-AMERICA,16,1,16,16,78.0
VPN Jantit,FR,16276,OVH,16,15,16,16,88.0
VPN Jantit,RU,41745,FORTIS-AS Hosting services,16,14,16,16,88.0
Windscribe,CA,53356,FREE RANGE CLOUD,16,4,16,16,95.0
Astrill,GB,60068,CDN77 _,15,4,15,15,78.0
Astrill,IN,203020,HOSTROYALE,15,8,15,15,78.0
BoxPN,US,29889,FSNET-1,15,4,15,15,95.0
CyberGhost,AL,197706,"KEMINET A datacenter located in TiranaAlbania. Webhosting, Dedicated Servers, VPS, IPv4IPv6 leasing",15,2,15,15,75.0
CyberGhost,RO,5606,GTS-BACKBONE GTS Telecom,15,1,15,15,71.7
OVPN,RO,9009,M247,15,14,15,15,95.0
Sentinel dVPN,HK,56971,AS56971 AS56971 Cloud,15,15,15,15,95.0
Sentinel dVPN,TR,210538,KEYUBU,15,3,15,15,95.0
Sentinel dVPN,TR,215567,NETVAY,15,3,15,15,95.0
Sentinel dVPN,TR,47516,DEHOST-INTERNET-VE-BILISIM-TEKNOLOJILERI-SAN-TIC-LTD-STI DEHOST INTERNET VE BILISIM TEKNOLOJILERI SANAYI TICARET LIMITED SIRKETI,15,3,15,15,95.0
Sentinel dVPN,US,21743,ANL-36,15,1,15,15,95.0
VPNUK,CA,136258,"ONEPROVIDER-AS BrainStorm Network, Inc",15,15,15,15,95.0
Vpnht,DE,58212,DATAFOREST,15,1,15,15,78.0
Vpnht,FR,12876,Online SAS,15,4,15,15,78.0
WiTopia,CA,32489,AMANAHA-NEW,15,2,15,15,95.0
WiTopia,US,394380,LEASEWEB-USA-DAL,15,4,15,15,95.0
Windscribe,ID,150249,IDNIC-ATHARVA-AS-ID PT Atharva Telematika Persada,15,3,15,15,95.0
Anonine,LU,9008,ASN-VO Visual Online S.A. Luxembourg,14,1,14,14,95.0
Anonine,US,29889,FSNET-1,14,4,14,14,95.0
Astrill,US,395954,LEASEWEB-USA-LAX,14,7,14,14,78.0
Astrill,US,53850,GORILLASERVERS,14,6,14,14,78.0
BoxPN,LU,9008,ASN-VO Visual Online S.A. Luxembourg,14,1,14,14,95.0
EasyHideIP,LU,9008,ASN-VO Visual Online S.A. Luxembourg,14,1,14,14,95.0
EasyHideIP,US,29889,FSNET-1,14,4,14,14,95.0
FrootVPN,LU,9008,ASN-VO Visual Online S.A. Luxembourg,14,1,14,14,95.0
FrootVPN,US,29889,FSNET-1,14,4,14,14,95.0
Hotspotshield,RO,9009,M247,14,14,14,14,78.0
IPVanish,FI,51765,CREANOVA-AS Oy Creanova Hosting Solutions Ltd.,14,1,14,14,95.0
VPNUK,GB,20860,IOMART-AS,14,13,14,14,86.1
WLVPN,FI,51765,CREANOVA-AS Oy Creanova Hosting Solutions Ltd.,14,1,14,14,95.0
Anonine,SE,42708,GLESYS glesys.com,13,3,13,13,95.0
AnonymousVPN,NL,209847,THE,13,12,13,13,95.0
Astrill,GB,60464,SUPERNET-UK,13,3,13,13,78.0
Astrill,US,55081,24SHELLS,13,5,13,13,78.0
CyberGhost,DE,29066,VELIANET-AS velia.net Internetdienste GmbH,13,6,13,13,71.9
IPVanish,US,396356,LATITUDE-SH,13,1,13,13,95.0
Kompot VPN,PA,51852,PLI-AS,13,2,13,13,70.0
NetShade,FR,16276,OVH,13,13,13,13,95.0
ProtonVPN,EE,206804,ESTNOC-GLOBAL,13,11,13,13,95.0
Riseup VPN,FR,12876,Online SAS,13,11,13,13,95.0
Sentinel dVPN,GB,47890,UNMANAGED-DEDICATED-SERVERS,13,2,13,13,95.0
Sentinel dVPN,US,20278,NEXEON,13,9,13,13,95.0
Vpnht,GB,3223,VOXILITY,13,7,13,13,78.0
WLVPN,US,396356,LATITUDE-SH,13,1,13,13,95.0
Windscribe,GB,41564,AS41564,13,2,13,13,95.0
AirVPN,NL,51430,ALTUS,12,3,12,12,95.0
AirVPN,NZ,45179,SITEHOST-AS-AP SiteHost New Zealand,12,2,12,12,95.0
Astrill,US,32181,ASN-GIGENET,12,3,12,12,78.2
CyberGhost,US,3257,GTT-BACKBONE GTT,12,2,12,12,74.2
Mullvad,NO,50304,BLIX,12,3,12,12,95.0
Mullvad,US,21859,ZEN-ECN,12,8,12,12,95.0
NordVPN,US,3257,GTT-BACKBONE GTT,12,3,12,12,95.0
Private Internet Access,UK,212238,CDNEXT,12,3,12,12,95.0
RedShield VPN,GB,60068,CDN77 _,12,12,12,12,95.0
StrongVPN,US,140952,"STL-AS-AP Strong Technology, LLC",12,5,12,12,86.2
Surfshark,US,212238,CDNEXT,12,12,12,12,95.0
Trust.Zone,GB,60068,CDN77 _,12,12,12,12,70.0
Windscribe,US,36352,AS-COLOCROSSING,12,4,12,12,95.0
Windscribe,US,397373,H4Y-TECHNOLOGIES,12,3,12,12,95.0
Zoogvpn,CA,136258,"ONEPROVIDER-AS BrainStorm Network, Inc",12,12,12,12,78.0
Anonine,DE,24961,MYLOC-AS IP Backbone of WIIT AG formerly myLoc managed IT AG,11,6,11,11,95.0
Astrill,JP,3258,XTOM-JAPAN xTom Japan Corporation,11,1,11,11,78.0
Astrill,LT,56630,MELBICOM-EU-AS Melbikomas UAB,11,4,11,11,78.0
Astrill,NL,50867,ORG-LVA15-AS,11,3,11,11,78.0
BoxPN,DE,24961,MYLOC-AS IP Backbone of WIIT AG formerly myLoc managed IT AG,11,6,11,11,95.0
CyberGhost,KE,37684,ANGANI-AS,11,1,11,11,72.3
EasyHideIP,DE,24961,MYLOC-AS IP Backbone of WIIT AG formerly myLoc managed IT AG,11,6,11,11,95.0
ExpressVPN,RO,9009,M247,11,6,11,11,70.0
FastestVPN,CA,136258,"ONEPROVIDER-AS BrainStorm Network, Inc",11,4,11,11,95.0
FrootVPN,DE,24961,MYLOC-AS IP Backbone of WIIT AG formerly myLoc managed IT AG,11,6,11,11,95.0
HideIPVPN,FR,16276,OVH,11,11,11,11,70.0
IPVanish,IN,203020,HOSTROYALE,11,2,11,11,95.0
IPVanish,MY,132372,GBNETWORK-AS-AP GB Network Solutions Sdn. Bhd.,11,1,11,11,95.0
IVPN,US,11878,TZULO,11,8,11,11,95.0
Mullvad,GB,13213,UK2NET-AS,11,2,11,11,95.0
PureVPN,US,46475,LIMESTONENETWORKS,11,6,11,11,88.0
Sentinel dVPN,DE,24940,HETZNER-AS,11,11,11,11,95.0
Sentinel dVPN,FR,16276,OVH,11,11,11,11,95.0
Sentinel dVPN,US,62564,LINVEO-LLC,11,2,11,11,95.0
VPN Jantit,US,20473,AS-VULTR,11,11,11,11,88.0
WLVPN,IN,203020,HOSTROYALE,11,2,11,11,95.0
WLVPN,MY,132372,GBNETWORK-AS-AP GB Network Solutions Sdn. Bhd.,11,1,11,11,95.0
Anonine,IL,35758,HQSERV_NETWORKS,10,1,10,10,95.0
Anonine,NL,60781,LEASEWEB-NL-AMS-01 Netherlands,10,3,10,10,95.0
Astrill,US,46475,LIMESTONENETWORKS,10,3,10,10,78.2
BoxPN,IL,35758,HQSERV_NETWORKS,10,1,10,10,95.0
BoxPN,NL,60781,LEASEWEB-NL-AMS-01 Netherlands,10,3,10,10,95.0
CyberGhost,MK,205119,TELEKS-,10,1,10,10,72.5
EasyHideIP,IL,35758,HQSERV_NETWORKS,10,1,10,10,95.0
EasyHideIP,NL,60781,LEASEWEB-NL-AMS-01 Netherlands,10,3,10,10,95.0
Froot,SE,42708,GLESYS glesys.com,10,1,10,10,78.0
FrootVPN,IL,35758,HQSERV_NETWORKS,10,1,10,10,95.0
FrootVPN,NL,60781,LEASEWEB-NL-AMS-01 Netherlands,10,3,10,10,95.0
FrootVPN,SE,42708,GLESYS glesys.com,10,1,10,10,95.0
GhostPath,US,63949,AKAMAI-LINODE-AP Akamai Connected Cloud,10,10,10,10,88.0
IPVanish,CR,52423,Data Miners S.A.  Racknation.cr,10,1,10,10,95.0
IPVanish,JP,4785,XTOM-AS-JP xTom,10,1,10,10,95.0
IPVanish,MD,43289,TRABIA,10,1,10,10,95.0
NordVPN,GB,41564,AS41564,10,2,10,10,95.0
NordVPN,NL,51430,ALTUS,10,1,10,10,95.0
PrivateVPN,IN,14061,DIGITALOCEAN-ASN,10,9,10,10,88.0
PrivateVPN,US,60068,CDN77 _,10,10,10,10,93.6
ProtonVPN,NL,43350,NFORCE,10,5,10,10,95.0
Sentinel dVPN,US,208483,WERIDATA-LLC,10,2,10,10,95.0
Sentinel dVPN,US,399646,DARTNODE,10,6,10,10,95.0
Sentinel dVPN,US,399804,HOSTODO,10,4,10,10,95.0
Sentinel dVPN,VN,45899,VNPT-AS-VN VNPT Corp,10,2,10,10,95.0
SwitchVPN,HK,133398,TELE-AS Tele Asia Limited,10,1,10,10,88.0
VPN Gate,JP,2516,KDDI KDDI CORPORATION,10,10,10,10,78.0
VPN.ac,AU,133480,INT-5GN-AS-AP 5G NETWORK OPERATIONS PTY LTD,10,3,10,10,95.0
VPN.ac,FR,12876,Online SAS,10,4,10,10,95.0
VPNSecure,CA,136258,"ONEPROVIDER-AS BrainStorm Network, Inc",10,10,10,10,88.0
Vpnht,DE,47540,WIPAK-AS,10,1,10,10,78.0
Vpnht,RO,0,,10,1,10,10,78.0
WLVPN,CR,52423,Data Miners S.A.  Racknation.cr,10,1,10,10,95.0
WLVPN,JP,4785,XTOM-AS-JP xTom,10,1,10,10,95.0
WLVPN,MD,43289,TRABIA,10,1,10,10,95.0
WiTopia,CA,11831,ESECUREDATA,10,2,10,10,95.0
WiTopia,FR,12876,Online SAS,10,1,10,10,95.0
WiTopia,US,30475,WEHOSTWEBSITES-COM,10,2,10,10,95.0
WiTopia,US,33083,AXCELX-NET,10,2,10,10,95.0
WiTopia,US,396190,LEASEWEB-USA-SEA,10,2,10,10,95.0
uVPN,US,14061,DIGITALOCEAN-ASN,10,10,10,10,70.0
Anonine,ES,60458,ASN-XTUDIONET,9,1,9,9,95.0
Anonine,GB,42831,"UKSERVERS-AS UK Dedicated Servers, Hosting and Co-Location",9,1,9,9,95.0
Anonine,PL,197155,ARTNET,9,2,9,9,95.0
Astrill,GB,13213,UK2NET-AS,9,5,9,9,78.0
Astrill,US,63018,DEDICATED,9,3,9,9,78.0
Astrill,US,7393,CYBERCON,9,2,9,9,78.0
BoxPN,ES,60458,ASN-XTUDIONET,9,1,9,9,95.0
BoxPN,PL,197155,ARTNET,9,2,9,9,95.0
EasyHideIP,ES,60458,ASN-XTUDIONET,9,1,9,9,95.0
EasyHideIP,PL,197155,ARTNET,9,2,9,9,95.0
FlowVPN,NL,209847,THE,9,9,9,9,70.0
FlowVPN,SG,142002,SCLOUDPTELTD-AS Scloud Pte Ltd,9,2,9,9,70.0
FrootVPN,ES,60458,ASN-XTUDIONET,9,1,9,9,95.0
FrootVPN,PL,197155,ARTNET,9,2,9,9,95.0
OVPN,GB,212238,CDNEXT,9,8,9,9,95.0
Privado,IN,203020,HOSTROYALE,9,2,9,9,95.0
Private Internet Access,CY,206092,SECFIREWALLAS,9,2,9,9,95.0
PrivateVPN,SE,42201,PVDATANET,9,2,9,9,95.0
PureVPN,US,396356,LATITUDE-SH,9,5,9,9,88.0
RedShield VPN,US,399498,PRIVATE-NETWORKS,9,1,9,9,95.0
Sentinel dVPN,GB,209641,I-SERVERS-EAST,9,9,9,9,95.0
Sentinel dVPN,GB,213737,DEXDC,9,2,9,9,95.0
Sentinel dVPN,US,399275,SOLID,9,4,9,9,95.0
Surfshark,US,209854,CYBERZONEHUB,9,6,9,9,95.0
SwitchVPN,PA,51852,PLI-AS,9,2,9,9,88.0
VPN.ac,NL,60781,LEASEWEB-NL-AMS-01 Netherlands,9,5,9,9,95.0
VPN.ac,US,36352,AS-COLOCROSSING,9,4,9,9,95.0
Vpnht,RU,0,,9,1,9,9,78.0
WiTopia,AU,133480,INT-5GN-AS-AP 5G NETWORK OPERATIONS PTY LTD,9,2,9,9,95.0
Windscribe,AQ,397540,WINDSCRIBE,9,2,9,9,95.0
Windscribe,GB,62240,CLOUVIDER Clouvider - Global ASN,9,5,9,9,95.0
Windscribe,PA,51852,PLI-AS,9,2,9,9,95.0
Windscribe,US,21859,ZEN-ECN,9,5,9,9,95.0
Windscribe,US,33083,AXCELX-NET,9,3,9,9,95.0
Windscribe,US,46664,VDI-NETWORK,9,3,9,9,95.0
Windscribe,ZA,37611,AFRIHOST-SP,9,4,9,9,95.0
Anonine,FR,16276,OVH,8,1,8,8,95.0
Anonine,IT,34081,SERVER24-AS INCUBATEC GmbH - Srl,8,1,8,8,95.0
Astrill,LT,61272,IST-AS,8,2,8,8,78.0
Astrill,LT,8849,MELBICOM-EU-AS Melbikomas UAB,8,3,8,8,78.0
Astrill,US,46562,PERFORMIVE,8,2,8,8,78.0
Astrill,US,49532,SERVERHUB-NL,8,2,8,8,78.0
Astrill,US,54600,PEG-SV,8,2,8,8,78.0
BoxPN,FR,16276,OVH,8,1,8,8,95.0
BoxPN,GB,42831,"UKSERVERS-AS UK Dedicated Servers, Hosting and Co-Location",8,1,8,8,95.0
BoxPN,IT,34081,SERVER24-AS INCUBATEC GmbH - Srl,8,1,8,8,95.0
EasyHideIP,FR,16276,OVH,8,1,8,8,95.0
EasyHideIP,IT,34081,SERVER24-AS INCUBATEC GmbH - Srl,8,1,8,8,95.0
ExpressVPN,EE,206804,ESTNOC-GLOBAL,8,3,8,8,70.0
ExpressVPN,SE,42708,GLESYS glesys.com,8,3,8,8,70.0
FlowVPN,VN,45899,VNPT-AS-VN VNPT Corp,8,3,8,8,70.0
FreeVPN,US,53667,PONYNET,8,8,8,8,88.0
FrootVPN,FR,16276,OVH,8,1,8,8,95.0
FrootVPN,GB,42831,"UKSERVERS-AS UK Dedicated Servers, Hosting and Co-Location",8,1,8,8,95.0
FrootVPN,IT,34081,SERVER24-AS INCUBATEC GmbH - Srl,8,1,8,8,95.0
Kompot VPN,EE,202759,FAIRYHOSTING,8,2,8,8,80.0
Kompot VPN,US,23470,RELIABLESITE,8,7,8,8,80.0
Le VPN,RO,9009,M247,8,8,8,8,70.0
Mullvad,GB,60068,CDN77 _,8,4,8,8,95.0
NordVPN,GB,2856,BT-UK-AS BTnet UK Regional network,8,1,8,8,95.0
NordVPN,US,64200,VIVIDHOSTING,8,1,8,8,95.0
Private Internet Access,DK,42708,GLESYS glesys.com,8,2,8,8,95.0
Private Internet Access,US,396356,LATITUDE-SH,8,2,8,8,95.0
PrivateVPN,SE,61207,ILAIT,8,1,8,8,95.0
Proxpn,US,30058,FDCSERVERS,8,7,8,8,78.0
PureVPN,LT,56630,MELBICOM-EU-AS Melbikomas UAB,8,2,8,8,88.0
PureVPN,LU,199524,GCORE,8,3,8,8,88.0
Sentinel dVPN,RO,34689,HOSTEROID,8,3,8,8,95.0
Sentinel dVPN,US,14315,1GSERVERS,8,2,8,8,95.0
Sentinel dVPN,US,63473,HOSTHATCH,8,8,8,8,95.0
StrongVPN,CA,55286,SERVER-MANIA,8,2,8,8,87.5
StrongVPN,IN,203020,HOSTROYALE,8,4,8,8,83.8
StrongVPN,RO,9009,M247,8,3,8,8,83.8
StrongVPN,US,13926,NETPROTECT-PHX,8,1,8,8,83.8
VPN Jantit,HK,138915,KAOPU-HK Kaopu Cloud HK Limited,8,7,8,8,88.0
VPN Unlimited,CA,32489,AMANAHA-NEW,8,6,8,8,70.0
VPN Unlimited,RO,9009,M247,8,4,8,8,70.0
VPN.ac,DE,28753,LEASEWEB-DE-FRA-10,8,1,8,8,95.0
VPN.ac,IS,200651,FLOKINET,8,2,8,8,95.0
VPN.ac,US,40676,AS40676 - Psychz Networks,8,4,8,8,95.0
VPNUK,NL,209847,THE,8,8,8,8,91.9
WiTopia,US,33387,NOCIX,8,2,8,8,95.0
WorldVPN,US,204957,GREENFLOID-AS,8,4,8,8,88.0
Anonine,CA,11831,ESECUREDATA,7,1,7,7,95.0
Anonine,GB,21130,IOMART-IE,7,1,7,7,95.0
Anonine,UA,6698,VIRTUALSYSTEMS,7,1,7,7,95.0
AnonymousVPN,CA,136258,"ONEPROVIDER-AS BrainStorm Network, Inc",7,7,7,7,95.0
Astrill,CA,62563,AS-GLOBALTELEHOST,7,3,7,7,78.3
Astrill,DE,28753,LEASEWEB-DE-FRA-10,7,4,7,7,78.0
Astrill,GB,25369,BANDWIDTH-AS,7,2,7,7,78.0
Astrill,IN,146943,TIER4CLOU-AS Tier 4 Cloud Services,7,2,7,7,78.0
Astrill,NL,49981,WORLDSTREAM,7,2,7,7,78.0
Astrill,US,395111,KVCNET-2009,7,2,7,7,78.0
Astrill,US,7203,LEASEWEB-USA-SFO,7,2,7,7,78.6
AzireVPN,SE,42675,OBEHOSTING Obehosting AB,7,5,7,7,95.0
BTGuard,NL,43350,NFORCE,7,2,7,7,70.0
BoxPN,CA,11831,ESECUREDATA,7,1,7,7,95.0
BoxPN,GB,21130,IOMART-IE,7,1,7,7,95.0
BoxPN,UA,6698,VIRTUALSYSTEMS,7,1,7,7,95.0
EasyHideIP,CA,11831,ESECUREDATA,7,1,7,7,95.0
EasyHideIP,GB,21130,IOMART-IE,7,1,7,7,95.0
EasyHideIP,UA,6698,VIRTUALSYSTEMS,7,1,7,7,95.0
FlowVPN,HU,210772,NEWPUSH,7,3,7,7,70.0
FlowVPN,US,20473,AS-VULTR,7,7,7,7,70.0
FrootVPN,CA,11831,ESECUREDATA,7,1,7,7,95.0
FrootVPN,GB,21130,IOMART-IE,7,1,7,7,95.0
FrootVPN,UA,6698,VIRTUALSYSTEMS,7,1,7,7,95.0
Goosevpn,US,14061,DIGITALOCEAN-ASN,7,7,7,7,78.0
IPVanish,AL,197706,"KEMINET A datacenter located in TiranaAlbania. Webhosting, Dedicated Servers, VPS, IPv4IPv6 leasing",7,1,7,7,95.0
IVPN,NL,60781,LEASEWEB-NL-AMS-01 Netherlands,7,4,7,7,95.0
NordVPN,AL,198890,MADCOM-ASN,7,1,7,7,95.0
OysterVPN,US,136258,"ONEPROVIDER-AS BrainStorm Network, Inc",7,5,7,7,95.0
PhantomPeer,US,14061,DIGITALOCEAN-ASN,7,7,7,7,88.0
Private Internet Access,CA,212238,CDNEXT,7,4,7,7,95.0
Private Internet Access,SE,42708,GLESYS glesys.com,7,2,7,7,95.0
PrivateVPN,GB,1299,"TWELVE99 Arelion, fka Telia Carrier",7,1,7,7,95.0
Safervpn,US,20473,AS-VULTR,7,7,7,7,78.0
Sentinel dVPN,GB,42831,"UKSERVERS-AS UK Dedicated Servers, Hosting and Co-Location",7,3,7,7,95.0
Sentinel dVPN,SG,134677,IDC-AS-AP Dromatics Systems Pte Ltd,7,3,7,7,95.0
StrongVPN,GB,212238,CDNEXT,7,1,7,7,84.3
StrongVPN,GB,42831,"UKSERVERS-AS UK Dedicated Servers, Hosting and Co-Location",7,1,7,7,82.1
StrongVPN,US,174,COGENT-174,7,4,7,7,86.4
Surfshark,AU,136557,HOST-AS-AP Host Universal Pty Ltd,7,6,7,7,95.0
TunnelBear,US,396356,LATITUDE-SH,7,1,7,7,95.0
VPN Gate,JP,17676,GIGAINFRA SoftBank Corp.,7,7,7,7,78.0
VPN Unlimited,FR,16276,OVH,7,6,7,7,70.0
VPN.ac,NL,43350,NFORCE,7,5,7,7,95.0
Vpnht,FR,216329,CENTAURUS_AGENA3000,7,1,7,7,78.0
WLVPN,AL,197706,"KEMINET A datacenter located in TiranaAlbania. Webhosting, Dedicated Servers, VPS, IPv4IPv6 leasing",7,1,7,7,95.0
Windscribe,BR,262287,Latitude.sh LTDA,7,2,7,7,95.0
Windscribe,GB,13213,UK2NET-AS,7,3,7,7,95.0
Windscribe,US,396356,LATITUDE-SH,7,2,7,7,95.0
WorldVPN,FR,16276,OVH,7,7,7,7,88.0
WorldVPN,HK,56971,AS56971 AS56971 Cloud,7,3,7,7,88.0
Zoogvpn,FR,16276,OVH,7,7,7,7,78.0
uVPN,FR,16276,OVH,7,7,7,7,70.0
Anonine,TR,42926,RADORE,6,2,6,6,95.0
Astrill,HK,133752,LEASEWEB-APAC-HKG-10 LEASEWEB HONG KONG LIMITED,6,2,6,6,78.0
Astrill,KR,45382,EHOSTIDC-AS-KR Hostcenter,6,2,6,6,78.0
Astrill,MY,55720,GIGABIT-MY Gigabit Hosting Sdn Bhd,6,1,6,6,78.0
Astrill,US,25780,HUGESERVER-NETWORKS,6,2,6,6,78.0
Astrill,US,26388,FIBERFI,6,2,6,6,78.0
Astrill,US,29302,HSI-EUROPE,6,2,6,6,78.0
Astrill,US,396190,LEASEWEB-USA-SEA,6,2,6,6,78.0
Astrill,US,396362,LEASEWEB-USA-NYC,6,2,6,6,78.0
Astrill,US,397423,TIER-NET,6,3,6,6,78.0
AzireVPN,US,63473,HOSTHATCH,6,6,6,6,95.0
BoxPN,TR,42926,RADORE,6,2,6,6,95.0
EasyHideIP,TR,42926,RADORE,6,2,6,6,95.0
ExpressVPN,GB,41564,AS41564,6,4,6,6,70.0
FlowVPN,FR,16276,OVH,6,5,6,6,70.0
FrootVPN,TR,42926,RADORE,6,2,6,6,95.0
IPVanish,IN,207990,HR-CUSTOMER,6,1,6,6,95.0
Private Internet Access,EE,206804,ESTNOC-GLOBAL,6,3,6,6,95.0
Private Internet Access,FI,42708,GLESYS glesys.com,6,2,6,6,95.0
Private Internet Access,JP,212238,CDNEXT,6,3,6,6,95.0
PrivateVPN,IT,42201,PVDATANET,6,1,6,6,95.0
PrivateVPN,SE,42675,OBEHOSTING Obehosting AB,6,1,6,6,95.0
ProtonVPN,US,396356,LATITUDE-SH,6,3,6,6,95.0
PureVPN,EU,1257,TELE2,6,1,6,6,88.0
PureVPN,SC,206264,AMARUTU-TECHNOLOGY,6,4,6,6,88.0
Sentinel dVPN,DE,29066,VELIANET-AS velia.net Internetdienste GmbH,6,3,6,6,95.0
Sentinel dVPN,DE,51167,CONTABO,6,6,6,6,95.0
Sentinel dVPN,EG,24863,LINKdotNET-AS,6,2,6,6,95.0
Sentinel dVPN,SG,139057,ELD-AS-AP Edgenext Legend Dynasty Pte. Ltd.,6,2,6,6,95.0
Sentinel dVPN,US,11878,TZULO,6,4,6,6,95.0
Sentinel dVPN,US,26286,MYSTICDEVIO,6,1,6,6,95.0
Sentinel dVPN,US,396073,MAJESTIC-HOSTING-01,6,2,6,6,95.0
Sentinel dVPN,US,401486,RAVNIX,6,3,6,6,95.0
StrongVPN,US,13737,AS-INCX,6,1,6,6,80.0
Surfshark,US,397423,TIER-NET,6,4,6,6,95.0
Surfshark,US,60068,CDN77 _,6,6,6,6,95.0
TunnelBear,US,36352,AS-COLOCROSSING,6,2,6,6,95.0
VPN Jantit,US,204957,GREENFLOID-AS,6,6,6,6,88.0
VPN Unlimited,SI,25467,AKTON-AS Akton Autonomous System,6,2,6,6,70.0
VPN Unlimited,US,61138,ZAPPIE-HOST-AS Zappie Host,6,3,6,6,70.0
VPN.ac,CA,7040,NETMINDERS,6,1,6,6,95.0
VPNObratno,RU,12389,ROSTELECOM-AS PJSC Rostelecom. Technical Team,6,6,6,6,88.0
WLVPN,IN,207990,HR-CUSTOMER,6,1,6,6,95.0
Windscribe,AL,198890,MADCOM-ASN,6,1,6,6,95.0
Windscribe,CA,54133,UNMETERED,6,1,6,6,95.0
Windscribe,CY,15805,SKYNET-CY-AS,6,2,6,6,95.0
Windscribe,CY,6866,CYTA-NETWORK Internet Services,6,1,6,6,95.0
Windscribe,GB,58065,PACKETEXCHANGE,6,2,6,6,95.0
Windscribe,IL,35758,HQSERV_NETWORKS,6,2,6,6,95.0
Windscribe,IN,132335,LEAPSWITCH-IN-AS-AP LEAPSWITCH NETWORKS PRIVATE LIMITED,6,1,6,6,95.0
Windscribe,LT,201201,DATALOGISTICS,6,2,6,6,95.0
Windscribe,LV,52048,RIXHOST,6,2,6,6,95.0
Windscribe,MD,43289,TRABIA,6,3,6,6,95.0
Windscribe,NL,51430,ALTUS,6,2,6,6,95.0
Windscribe,TH,56309,"SIAMDATA-TH Siamdata Communication Co.,Ltd.",6,2,6,6,95.0
Windscribe,TW,3462,HINET Data Communication Business Group,6,2,6,6,95.0
Windscribe,US,398779,ACEHOST,6,2,6,6,95.0
Windscribe,US,40676,AS40676 - Psychz Networks,6,2,6,6,95.0
Windscribe,US,46562,PERFORMIVE,6,2,6,6,95.0
Windscribe,US,63023,AS-GLOBALTELEHOST,6,1,6,6,95.0
Windscribe,US,7201,AS-NETWORKEDGE,6,1,6,6,95.0
Windscribe,VN,45899,VNPT-AS-VN VNPT Corp,6,1,6,6,95.0
WorldVPN,PL,204957,GREENFLOID-AS,6,3,6,6,88.0
Zoogvpn,HK,138915,KAOPU-HK Kaopu Cloud HK Limited,6,6,6,6,78.0
Zoogvpn,RO,9009,M247,6,6,6,6,78.0
Anonine,BR,262287,Latitude.sh LTDA,5,1,5,5,95.0
Anonine,CA,54643,IDIGITAL,5,1,5,5,95.0
Anonine,CA,62563,AS-GLOBALTELEHOST,5,1,5,5,95.0
Anonine,CR,52423,Data Miners S.A.  Racknation.cr,5,1,5,5,95.0
Anonine,FI,51765,CREANOVA-AS Oy Creanova Hosting Solutions Ltd.,5,2,5,5,95.0
Anonine,GB,20860,IOMART-AS,5,1,5,5,95.0
Anonine,HK,133398,TELE-AS Tele Asia Limited,5,1,5,5,95.0
Anonine,KR,45382,EHOSTIDC-AS-KR Hostcenter,5,1,5,5,95.0
Anonine,MY,45839,SHINJIRU-MY-AS-AP Shinjiru Technology Sdn Bhd,5,1,5,5,95.0
Anonine,NO,56655,GIGAHOST,5,1,5,5,95.0
Anonine,PA,51852,PLI-AS,5,1,5,5,95.0
Anonine,US,62904,AS62904 - Eonix Corporation,5,1,5,5,95.0
Astrill,AR,61493,InterBS S.R.L. BAEHOST,5,1,5,5,78.0
Astrill,FI,51765,CREANOVA-AS Oy Creanova Hosting Solutions Ltd.,5,2,5,5,78.0
Astrill,HU,214226,WEBENLET-AS,5,1,5,5,78.0
Astrill,NO,34989,SERVETHEWORLD-AS,5,3,5,5,78.0
Astrill,US,0,,5,1,5,5,78.0
Astrill,US,19148,LEASEWEB-USA-PHX,5,2,5,5,78.4
Astrill,US,20454,SSASN2,5,2,5,5,78.0
Astrill,US,23470,RELIABLESITE,5,3,5,5,78.8
Astrill,US,27411,LEASEWEB-USA-CHI,5,2,5,5,78.0
Astrill,US,394380,LEASEWEB-USA-DAL,5,3,5,5,78.0
BoxPN,BR,262287,Latitude.sh LTDA,5,1,5,5,95.0
BoxPN,CA,54643,IDIGITAL,5,1,5,5,95.0
BoxPN,CA,62563,AS-GLOBALTELEHOST,5,1,5,5,95.0
BoxPN,CR,52423,Data Miners S.A.  Racknation.cr,5,1,5,5,95.0
BoxPN,FI,51765,CREANOVA-AS Oy Creanova Hosting Solutions Ltd.,5,2,5,5,95.0
BoxPN,GB,20860,IOMART-AS,5,1,5,5,95.0
BoxPN,HK,133398,TELE-AS Tele Asia Limited,5,1,5,5,95.0
BoxPN,KR,45382,EHOSTIDC-AS-KR Hostcenter,5,1,5,5,95.0
BoxPN,MY,45839,SHINJIRU-MY-AS-AP Shinjiru Technology Sdn Bhd,5,1,5,5,95.0
BoxPN,NO,56655,GIGAHOST,5,1,5,5,95.0
BoxPN,PA,51852,PLI-AS,5,1,5,5,95.0
BoxPN,US,62904,AS62904 - Eonix Corporation,5,1,5,5,95.0
CyberGhost,AU,0,,5,4,5,5,95.0
EasyHideIP,BR,262287,Latitude.sh LTDA,5,1,5,5,95.0
EasyHideIP,CA,54643,IDIGITAL,5,1,5,5,95.0
EasyHideIP,CA,62563,AS-GLOBALTELEHOST,5,1,5,5,95.0
EasyHideIP,CR,52423,Data Miners S.A.  Racknation.cr,5,1,5,5,95.0
EasyHideIP,FI,51765,CREANOVA-AS Oy Creanova Hosting Solutions Ltd.,5,2,5,5,95.0
EasyHideIP,FR,12876,Online SAS,5,2,5,5,95.0
EasyHideIP,HK,133398,TELE-AS Tele Asia Limited,5,1,5,5,95.0
EasyHideIP,KR,45382,EHOSTIDC-AS-KR Hostcenter,5,1,5,5,95.0
EasyHideIP,MY,45839,SHINJIRU-MY-AS-AP Shinjiru Technology Sdn Bhd,5,1,5,5,95.0
EasyHideIP,NO,56655,GIGAHOST,5,1,5,5,95.0
EasyHideIP,PA,51852,PLI-AS,5,1,5,5,95.0
EasyHideIP,US,62904,AS62904 - Eonix Corporation,5,1,5,5,95.0
FastestVPN,US,9009,M247,5,4,5,5,95.0
FlowVPN,GB,20860,IOMART-AS,5,4,5,5,70.0
FlowVPN,RO,9009,M247,5,4,5,5,70.0
Freedomip,FR,41652,SAS-SHPV-FRANCE,5,1,5,5,78.0
FrootVPN,BR,262287,Latitude.sh LTDA,5,1,5,5,95.0
FrootVPN,CA,36666,GTCOMM,5,1,5,5,95.0
FrootVPN,CA,54643,IDIGITAL,5,1,5,5,95.0
FrootVPN,CA,62563,AS-GLOBALTELEHOST,5,1,5,5,95.0
FrootVPN,CR,52423,Data Miners S.A.  Racknation.cr,5,1,5,5,95.0
FrootVPN,FI,51765,CREANOVA-AS Oy Creanova Hosting Solutions Ltd.,5,2,5,5,95.0
FrootVPN,FR,12876,Online SAS,5,2,5,5,95.0
FrootVPN,HK,133398,TELE-AS Tele Asia Limited,5,1,5,5,95.0
FrootVPN,KR,45382,EHOSTIDC-AS-KR Hostcenter,5,1,5,5,95.0
FrootVPN,MY,45839,SHINJIRU-MY-AS-AP Shinjiru Technology Sdn Bhd,5,1,5,5,95.0
FrootVPN,NO,56655,GIGAHOST,5,1,5,5,95.0
FrootVPN,PA,51852,PLI-AS,5,1,5,5,95.0
FrootVPN,US,62904,AS62904 - Eonix Corporation,5,1,5,5,95.0
HideIPVPN,GB,20860,IOMART-AS,5,5,5,5,70.0
Hotspotshield,GB,212238,CDNEXT,5,5,5,5,78.0
Hotspotshield,US,46450,PILOT,5,5,5,5,78.0
IPVanish,NL,51430,ALTUS,5,1,5,5,95.0
Ivacy,AU,137409,GSLNETWORKS-AS-AP GSL Networks Pty LTD,5,3,5,5,95.0
Kompot VPN,KZ,48716,PSKZ-ALA,5,4,5,5,70.0
Kompot VPN,NL,209847,THE,5,4,5,5,80.0
Kompot VPN,PL,201814,MEVSPACE,5,2,5,5,80.0
Le VPN,LU,202422,GHOST,5,5,5,5,70.0
NordVPN,FR,12876,Online SAS,5,5,5,5,95.0
NordVPN,GB,58065,PACKETEXCHANGE,5,2,5,5,95.0
Private Internet Access,CA,174,COGENT-174,5,4,5,5,95.0
Private Internet Access,DE,174,COGENT-174,5,1,5,5,95.0
Private Internet Access,DE,212238,CDNEXT,5,3,5,5,95.0
Private Internet Access,ES,212238,CDNEXT,5,1,5,5,95.0
Private Internet Access,GB,41564,AS41564,5,1,5,5,95.0
Private Internet Access,IT,206092,SECFIREWALLAS,5,1,5,5,95.0
Private Internet Access,SE,212238,CDNEXT,5,1,5,5,95.0
Private Internet Access,US,62240,CLOUVIDER Clouvider - Global ASN,5,1,5,5,95.0
PrivateVPN,US,42201,PVDATANET,5,1,5,5,95.0
ProtonVPN,NL,215224,NOVOSERVE-CUSTOMERS-AS NovoServe Customers ASN,5,1,5,5,95.0
PureVPN,CA,7040,NETMINDERS,5,2,5,5,88.0
PureVPN,GB,25369,BANDWIDTH-AS,5,2,5,5,88.0
PureVPN,GB,3223,VOXILITY,5,3,5,5,88.0
PureVPN,GB,60068,CDN77 _,5,4,5,5,88.0
PureVPN,US,36352,AS-COLOCROSSING,5,2,5,5,88.0
Safervpn,AT,57169,EDIS-AS-EU,5,5,5,5,78.0
Safervpn,US,14061,DIGITALOCEAN-ASN,5,4,5,5,78.0
Sentinel dVPN,CA,32489,AMANAHA-NEW,5,2,5,5,95.0
Sentinel dVPN,CA,397735,NETWIRE-INC,5,1,5,5,95.0
Sentinel dVPN,DE,211507,"LAIN we love lain, cats and the world wide web",5,4,5,5,95.0
Sentinel dVPN,EE,215467,SKHRON Skhron OU: skhron.eu,5,2,5,5,95.0
Sentinel dVPN,GB,213169,AS-CATIXS-AKA,5,4,5,5,95.0
Sentinel dVPN,PE,3132,Red Cientifica Peruana,5,2,5,5,95.0
Sentinel dVPN,RO,215362,PROMO-PLUS,5,2,5,5,95.0
Sentinel dVPN,SG,142036,HOSTEONS-AS-AP Hosteons Pte. Ltd.,5,4,5,5,95.0
Sentinel dVPN,SG,149020,WEBHORIZON-AS-AP WebHorizon Internet Services,5,5,5,5,95.0
Sentinel dVPN,TR,215155,HALIL-OMER-TEKIN,5,1,5,5,95.0
Sentinel dVPN,TR,42926,RADORE,5,1,5,5,95.0
Sentinel dVPN,US,397032,SPARKED,5,2,5,5,95.0
Surfshark,ES,203020,HOSTROYALE,5,3,5,5,95.0
SwitchVPN,GB,31708,"COREIX-UK-AS London, Great Britain",5,4,5,5,88.0
SwitchVPN,IT,49367,ASSEFLOW,5,1,5,5,88.0
SwitchVPN,NL,60781,LEASEWEB-NL-AMS-01 Netherlands,5,2,5,5,88.0
Trust.Zone,DE,47447,TTM,5,2,5,5,70.0
TunnelBear,GB,13213,UK2NET-AS,5,2,5,5,95.0
VPN Jantit,NL,209847,THE,5,5,5,5,88.0
VPN Jantit,SG,59211,ONEASIAHOST OneAsiaHost,5,2,5,5,88.0
VPN Jantit,US,14061,DIGITALOCEAN-ASN,5,5,5,5,88.0
VPN Jantit,US,63023,AS-GLOBALTELEHOST,5,5,5,5,88.0
VPN Unlimited,CA,11831,ESECUREDATA,5,1,5,5,70.0
VPN Unlimited,US,63018,DEDICATED,5,1,5,5,70.0
VPN.ac,NL,51430,ALTUS,5,3,5,5,95.0
VPN.ac,SC,202425,INT-NETWORK,5,2,5,5,95.0
Vpnfacile,FR,16276,OVH,5,3,5,5,78.0
Vpnht,AT,42473,AS-ANEXIA ANEXIA Internetdienstleistungs GmbH,5,1,5,5,78.0
Vpnht,DE,0,,5,1,5,5,78.0
Vpnht,GB,204044,ONLYSERVERS Dedicated Server Hosting Provider,5,1,5,5,78.0
WLVPN,NL,51430,ALTUS,5,1,5,5,95.0
WiTopia,BR,262287,Latitude.sh LTDA,5,1,5,5,95.0
WiTopia,CA,0,,5,1,5,5,95.0
WiTopia,GB,20860,IOMART-AS,5,1,5,5,95.0
WiTopia,GB,25369,BANDWIDTH-AS,5,1,5,5,95.0
WiTopia,IN,132335,LEAPSWITCH-IN-AS-AP LEAPSWITCH NETWORKS PRIVATE LIMITED,5,1,5,5,95.0
WiTopia,IN,146943,TIER4CLOU-AS Tier 4 Cloud Services,5,1,5,5,95.0
WiTopia,KR,45382,EHOSTIDC-AS-KR Hostcenter,5,1,5,5,95.0
WiTopia,LT,61272,IST-AS,5,1,5,5,95.0
WiTopia,LV,52048,RIXHOST,5,1,5,5,95.0
WiTopia,MY,55720,GIGABIT-MY Gigabit Hosting Sdn Bhd,5,1,5,5,95.0
WiTopia,NL,60781,LEASEWEB-NL-AMS-01 Netherlands,5,1,5,5,95.0
WiTopia,PT,59787,WEBHS WEBSP LDA,5,1,5,5,95.0
WiTopia,TH,56067,METRABYTE-TH 453 Ladplacout Jorakhaebua,5,1,5,5,95.0
WiTopia,US,13445,WEBEX,5,1,5,5,95.0
WiTopia,US,19148,LEASEWEB-USA-PHX,5,1,5,5,95.0
WiTopia,US,26388,FIBERFI,5,1,5,5,95.0
WiTopia,US,397373,H4Y-TECHNOLOGIES,5,1,5,5,95.0
WiTopia,US,40676,AS40676 - Psychz Networks,5,1,5,5,95.0
WiTopia,US,4986,INTERSTAR,5,1,5,5,95.0
WiTopia,US,7488,CNSERVER-AP-AS CNServer LLC,5,1,5,5,95.0
WorldVPN,BG,59729,ITL-BG,5,3,5,5,88.0
WorldVPN,IT,31034,ARUBA-ASN,5,3,5,5,88.0
WorldVPN,LV,50979,ITL-LV,5,3,5,5,88.0
WorldVPN,NL,56594,CB-BYO-IP,5,1,5,5,88.0
WorldVPN,UA,15626,GF-UA,5,3,5,5,88.0
Zoogvpn,US,40676,AS40676 - Psychz Networks,5,3,5,5,78.0
AirVPN,AU,133480,INT-5GN-AS-AP 5G NETWORK OPERATIONS PTY LTD,4,1,4,4,95.0
AirVPN,EE,206804,ESTNOC-GLOBAL,4,1,4,4,95.0
AirVPN,MY,55720,GIGABIT-MY Gigabit Hosting Sdn Bhd,4,1,4,4,95.0
Anonine,CA,36666,GTCOMM,4,1,4,4,95.0
Anonine,FR,12876,Online SAS,4,2,4,4,95.0
Anonvpn,MU,0,,4,4,4,4,78.0
Astrill,AT,57169,EDIS-AS-EU,4,1,4,4,78.5
Astrill,CA,7040,NETMINDERS,4,1,4,4,78.0
Astrill,DE,197071,ACTIVE-SERVERS active-servers.com,4,1,4,4,78.0
Astrill,DE,30083,AS-30083-US-VELIA-NET,4,3,4,4,78.0
Astrill,DE,3214,XTOM xTom GmbH,4,1,4,4,78.0
Astrill,DE,8560,"IONOS-AS This is the joint network for IONOS, Fasthosts, Arsys, 1&1 Mail and Media and 1&1 Telecom. Formerly known as 1&1 Internet SE.",4,2,4,4,78.0
Astrill,GB,42831,"UKSERVERS-AS UK Dedicated Servers, Hosting and Co-Location",4,1,4,4,78.0
Astrill,HK,9304,HUTCHISON-AS-AP HGC Global Communications Limited,4,1,4,4,78.0
Astrill,IT,49367,ASSEFLOW,4,1,4,4,78.0
Astrill,KR,4766,KIXS-AS-KR Korea Telecom,4,1,4,4,78.0
Astrill,LT,16125,CHERRYSERVERS1-AS,4,2,4,4,78.0
Astrill,LU,9008,ASN-VO Visual Online S.A. Luxembourg,4,2,4,4,78.0
Astrill,MD,43289,TRABIA,4,2,4,4,78.0
Astrill,NZ,9790,TWO-DEGREES-AS-AP Two Degrees Networks Limited,4,1,4,4,78.0
Astrill,RU,3216,SOVAM-AS,4,1,4,4,78.0
Astrill,SG,59253,LEASEWEB-APAC-SIN-11 LEASEWEB SINGAPORE PTE. LTD.,4,2,4,4,78.0
Astrill,TW,134094,"SERVERFIELD-AS Serverfield Co., Ltd.",4,1,4,4,78.0
Astrill,US,20278,NEXEON,4,2,4,4,78.0
Astrill,US,207134,PHOENIXNAP-SRB,4,2,4,4,78.0
Astrill,US,29802,HVC-AS,4,1,4,4,78.0
Astrill,US,3257,GTT-BACKBONE GTT,4,2,4,4,78.0
Astrill,US,395839,HOSTKEY-USA,4,1,4,4,78.0
Astrill,US,397391,HON-ASN,4,1,4,4,78.0
Astrill,US,9294,GNETINC-AS-AP GNET INC.,4,4,4,4,78.0
AzireVPN,NL,6206,NETROUTING-AS,4,4,4,4,95.0
AzireVPN,SE,1299,"TWELVE99 Arelion, fka Telia Carrier",4,2,4,4,95.0
AzireVPN,US,11878,TZULO,4,4,4,4,95.0
BoxPN,CA,36666,GTCOMM,4,1,4,4,95.0
BoxPN,FR,12876,Online SAS,4,2,4,4,95.0
CCrypto VPN,FR,16276,OVH,4,4,4,4,88.0
CactusVPN,CA,16276,OVH,4,2,4,4,95.0
CactusVPN,UK,20860,IOMART-AS,4,2,4,4,95.0
EasyHideIP,CA,36666,GTCOMM,4,1,4,4,95.0
ExpressVPN,DE,29066,VELIANET-AS velia.net Internetdienste GmbH,4,2,4,4,70.0
ExpressVPN,GB,42831,"UKSERVERS-AS UK Dedicated Servers, Hosting and Co-Location",4,3,4,4,67.5
ExpressVPN,US,40676,AS40676 - Psychz Networks,4,2,4,4,70.0
FastestVPN,GB,3170,VELOXSERV,4,2,4,4,95.0
FlowVPN,CH,34927,IFOG-GMBH,4,2,4,4,70.0
FlowVPN,CZ,42422,SECURITYNET-AS,4,4,4,4,70.0
FlowVPN,GB,211552,CIVO-UK,4,2,4,4,70.0
FlowVPN,RU,210756,EDGECENTERLLC,4,2,4,4,70.0
FlowVPN,US,16509,AMAZON-02,4,4,4,4,70.0
FlowVPN,US,212336,BYTEVIRTLLC,4,1,4,4,70.0
FlowVPN,US,63150,BAGE,4,1,4,4,70.0
GhostPath,US,36352,AS-COLOCROSSING,4,4,4,4,88.0
Ivacy,US,212238,CDNEXT,4,4,4,4,95.0
Ivacy,US,9009,M247,4,4,4,4,95.0
KevinVPN,GB,62240,CLOUVIDER Clouvider - Global ASN,4,3,4,4,70.0
Kompot VPN,GB,215540,GCS-AS,4,4,4,4,80.0
Kompot VPN,RU,9123,TIMEWEB-AS,4,3,4,4,70.0
Le VPN,AT,57169,EDIS-AS-EU,4,4,4,4,70.0
MoriVPN,US,31898,ORACLE-BMC-31898,4,4,4,4,80.0
Mullvad,CA,394256,CLOUDSINGULARITY,4,2,4,4,95.0
Mullvad,VU,23959,OWL-AS-AP Owl Limited,4,1,4,4,95.0
NordVPN,CA,812,ROGERS-COMMUNICATIONS,4,1,4,4,95.0
NordVPN,DE,8881,VERSATEL,4,1,4,4,95.0
NordVPN,US,62874,WEB2OBJECTS,4,1,4,4,95.0
NordVPN,US,64249,ENDOFFICE,4,1,4,4,95.0
Private Internet Access,AU,18345,SERVERS-AUS-CUST Servers Australia Customers,4,1,4,4,95.0
Private Internet Access,GB,58065,PACKETEXCHANGE,4,1,4,4,95.0
PrivateVPN,DE,42201,PVDATANET,4,2,4,4,91.5
PrivateVPN,FR,42201,PVDATANET,4,1,4,4,95.0
PrivateVPN,NL,42201,PVDATANET,4,1,4,4,95.0
PrivateVPN,PL,50599,Autonomous System for Dataspace P.S.A.,4,3,4,4,95.0
PureVPN,AL,197706,"KEMINET A datacenter located in TiranaAlbania. Webhosting, Dedicated Servers, VPS, IPv4IPv6 leasing",4,2,4,4,88.0
PureVPN,AU,136557,HOST-AS-AP Host Universal Pty Ltd,4,1,4,4,88.0
PureVPN,IN,203020,HOSTROYALE,4,1,4,4,88.0
PureVPN,MD,43289,TRABIA,4,2,4,4,88.0
PureVPN,NL,51430,ALTUS,4,3,4,4,88.0
RedShield VPN,RO,9009,M247,4,4,4,4,95.0
Sentinel dVPN,AU,136557,HOST-AS-AP Host Universal Pty Ltd,4,3,4,4,95.0
Sentinel dVPN,EE,214279,DASABO,4,4,4,4,95.0
Sentinel dVPN,GB,3170,VELOXSERV,4,1,4,4,95.0
Sentinel dVPN,GE,216300,ABKHAZMEDIA-AS,4,3,4,4,95.0
Sentinel dVPN,IN,153393,RACKVOLT-AS-AP RACKVOLT CLOUD SOLUTIONS PRIVATE LIMITED,4,2,4,4,95.0
Sentinel dVPN,MD,48753,AVAHOHST,4,1,4,4,95.0
Sentinel dVPN,PL,214481,WCZAPKOWICZ-AS as214481as-wczapkowicz Chunkserve Backbone Transit,4,4,4,4,95.0
Sentinel dVPN,RU,49392,ASBAXETN,4,4,4,4,95.0
Sentinel dVPN,TW,3462,HINET Data Communication Business Group,4,4,4,4,95.0
Sentinel dVPN,US,26383,ASNET,4,4,4,4,95.0
Sentinel dVPN,US,31898,ORACLE-BMC-31898,4,4,4,4,95.0
Sentinel dVPN,US,32181,ASN-GIGENET,4,3,4,4,95.0
Sentinel dVPN,US,46475,LIMESTONENETWORKS,4,4,4,4,95.0
Sentinel dVPN,UY,6057,Administracion Nacional de Telecomunicaciones,4,1,4,4,95.0
StrongVPN,EE,206804,ESTNOC-GLOBAL,4,1,4,4,83.8
Surfshark,CA,212238,CDNEXT,4,4,4,4,95.0
Surfshark,IN,209854,CYBERZONEHUB,4,2,4,4,95.0
Surfshark,US,62240,CLOUVIDER Clouvider - Global ASN,4,4,4,4,95.0
VPN Gate,JP,2527,SO-NET Sony Network Communications Inc.,4,4,4,4,78.0
VPN Jantit,DE,8560,"IONOS-AS This is the joint network for IONOS, Fasthosts, Arsys, 1&1 Mail and Media and 1&1 Telecom. Formerly known as 1&1 Internet SE.",4,4,4,4,88.0
VPN Jantit,PH,140599,COMFACCORPORATION-AS-AP COMFAC CORPORATION,4,3,4,4,88.0
VPN Unlimited,DE,24961,MYLOC-AS IP Backbone of WIIT AG formerly myLoc managed IT AG,4,2,4,4,70.0
VPN Unlimited,IT,31034,ARUBA-ASN,4,3,4,4,70.0
VPN Unlimited,SI,48894,OPTIMUS-AS,4,2,4,4,70.0
VPN Unlimited,US,15626,GF-UA,4,1,4,4,70.0
VPN Unlimited,US,40676,AS40676 - Psychz Networks,4,1,4,4,70.0
VPN.ac,GB,42831,"UKSERVERS-AS UK Dedicated Servers, Hosting and Co-Location",4,1,4,4,95.0
VPN.ac,SG,59253,LEASEWEB-APAC-SIN-11 LEASEWEB SINGAPORE PTE. LTD.,4,1,4,4,95.0
VPN.ac,US,29802,HVC-AS,4,2,4,4,95.0
VPNSTunnel,US,14061,DIGITALOCEAN-ASN,4,4,4,4,88.0
VPNUK,GB,42831,"UKSERVERS-AS UK Dedicated Servers, Hosting and Co-Location",4,4,4,4,70.0
WiTopia,FI,51765,CREANOVA-AS Oy Creanova Hosting Solutions Ltd.,4,1,4,4,95.0
WiTopia,HK,0,,4,1,4,4,95.0
WiTopia,IL,61102,INTERHOST,4,1,4,4,95.0
WiTopia,IS,50613,THORDC-AS,4,1,4,4,95.0
WiTopia,IT,49367,ASSEFLOW,4,1,4,4,95.0
WiTopia,PA,51852,PLI-AS,4,1,4,4,95.0
WiTopia,RU,50340,SELECTEL-MSK,4,1,4,4,95.0
WiTopia,TR,0,,4,1,4,4,95.0
WiTopia,US,18779,EGIHOSTING,4,1,4,4,95.0
WiTopia,US,7979,SERVERS-COM,4,1,4,4,95.0
WiTopia,VN,7552,VIETEL-AS-AP Viettel Group,4,1,4,4,95.0
Windscribe,BA,200698,GLOBALHOST-BOSNIA-AS,4,3,4,4,95.0
WorldVPN,AU,63473,HOSTHATCH,4,2,4,4,88.0
WorldVPN,FI,24940,HETZNER-AS,4,3,4,4,88.0
Zoogvpn,NL,209847,THE,4,4,4,4,78.0
AnonymousVPN,CA,53363,TANGRAM-CANADA-INC,3,2,3,3,95.0
Astrill,BA,200698,GLOBALHOST-BOSNIA-AS,3,2,3,3,78.0
Astrill,BG,34224,NETERRA-AS,3,1,3,3,78.0
Astrill,BG,44901,BELCLOUD Premium IP transit network,3,1,3,3,78.0
Astrill,BR,262287,Latitude.sh LTDA,3,1,3,3,78.7
Astrill,CA,32489,AMANAHA-NEW,3,1,3,3,78.0
Astrill,DE,24940,HETZNER-AS,3,1,3,3,78.0
Astrill,DK,30736,ASERGO-AS,3,3,3,3,78.0
Astrill,EE,206804,ESTNOC-GLOBAL,3,1,3,3,78.0
Astrill,FI,203003,MAGNA-CAPAX,3,1,3,3,78.0
Astrill,FR,12876,Online SAS,3,1,3,3,78.0
Astrill,FR,21409,IKOULA,3,1,3,3,78.0
Astrill,GB,59895,BINARYRACKS-AS,3,1,3,3,78.0
Astrill,GR,199081,LANCOM Athens - Greece,3,1,3,3,78.0
Astrill,HU,56322,SERVERASTRA-AS,3,3,3,3,78.0
Astrill,IE,30900,WEBWORLD-AS ta Web World Ireland,3,1,3,3,78.7
Astrill,IL,206446,CLOUDLEASE,3,1,3,3,78.0
Astrill,IL,44709,CLOUDWEBMANAGE-,3,1,3,3,78.0
Astrill,JP,0,,3,1,3,3,78.0
Astrill,MY,45839,SHINJIRU-MY-AS-AP Shinjiru Technology Sdn Bhd,3,1,3,3,78.0
Astrill,NL,43350,NFORCE,3,1,3,3,78.0
Astrill,NL,51430,ALTUS,3,1,3,3,78.0
Astrill,NL,60781,LEASEWEB-NL-AMS-01 Netherlands,3,1,3,3,78.0
Astrill,PA,51852,PLI-AS,3,3,3,3,78.0
Astrill,PK,150315,VCL-AS-AP Virtury Cloud Private Limited,3,1,3,3,78.0
Astrill,PT,24768,ALMOUROLTEC,3,1,3,3,78.0
Astrill,SE,49770,INTERNETPORT-AS,3,1,3,3,78.0
Astrill,SG,400061,IGNERO,3,1,3,3,78.7
Astrill,SK,201924,LERTAS-AS,3,1,3,3,78.0
Astrill,UA,30860,YURTEH-AS,3,1,3,3,78.0
Astrill,US,13737,AS-INCX,3,1,3,3,78.0
Astrill,US,26042,FIBERSTATE,3,1,3,3,78.0
Astrill,US,27323,SERVERSTADIUM,3,1,3,3,78.0
Astrill,US,33387,NOCIX,3,1,3,3,78.0
Astrill,US,396073,MAJESTIC-HOSTING-01,3,2,3,3,78.0
Astrill,US,40156,THEOPT-HOU,3,2,3,3,78.0
Astrill,US,41378,KIRINONET,3,1,3,3,78.0
Astrill,US,46573,VAULT-HOST,3,2,3,3,78.0
Astrill,US,53755,IOFLOOD,3,1,3,3,78.0
Astrill,US,55154,MADGEN-01,3,1,3,3,78.0
Astrill,VN,135905,VNPT-AS-VN VIETNAM POSTS AND TELECOMMUNICATIONS GROUP,3,1,3,3,78.0
Astrill,ZA,37153,xneelo,3,2,3,3,78.0
ExpressVPN,AL,197706,"KEMINET A datacenter located in TiranaAlbania. Webhosting, Dedicated Servers, VPS, IPv4IPv6 leasing",3,3,3,3,70.0
ExpressVPN,LT,61272,IST-AS,3,2,3,3,70.0
ExpressVPN,US,46475,LIMESTONENETWORKS,3,1,3,3,70.0
FlowVPN,AR,27823,Dattatec.com,3,3,3,3,70.0
FlowVPN,HK,138915,KAOPU-HK Kaopu Cloud HK Limited,3,3,3,3,70.0
FlowVPN,KR,9318,SKB-AS SK Broadband Co Ltd,3,3,3,3,70.0
FlowVPN,PH,140599,COMFACCORPORATION-AS-AP COMFAC CORPORATION,3,3,3,3,70.0
FlowVPN,US,0,,3,1,3,3,70.0
FlowVPN,US,26383,ASNET,3,3,3,3,70.0
FlowVPN,US,63473,HOSTHATCH,3,2,3,3,70.0
Froot,US,29889,FSNET-1,3,2,3,3,78.0
GhostPath,GB,63949,AKAMAI-LINODE-AP Akamai Connected Cloud,3,3,3,3,88.0
GhostPath,SE,42708,GLESYS glesys.com,3,3,3,3,88.0
GhostPath,US,0,,3,3,3,3,88.0
GhostPath,US,13213,UK2NET-AS,3,3,3,3,88.0
GhostPath,US,62296,VITALNG,3,1,3,3,88.0
Goosevpn,NL,41887,PROLOCATION Prolocation,3,1,3,3,78.0
HideIPVPN,NL,60781,LEASEWEB-NL-AMS-01 Netherlands,3,2,3,3,70.0
IVPN,CA,32489,AMANAHA-NEW,3,2,3,3,95.0
IVPN,EE,206804,ESTNOC-GLOBAL,3,3,3,3,95.0
IVPN,MY,55720,GIGABIT-MY Gigabit Hosting Sdn Bhd,3,3,3,3,95.0
IVPN,PA,51852,PLI-AS,3,2,3,3,95.0
Ivacy,AU,136557,HOST-AS-AP Host Universal Pty Ltd,3,1,3,3,95.0
Ivacy,AU,212238,CDNEXT,3,2,3,3,95.0
Ivacy,CA,212238,CDNEXT,3,3,3,3,95.0
Ivacy,EE,1257,TELE2,3,1,3,3,95.0
KevinVPN,US,27284,FOURPLEX-ASN,3,2,3,3,70.0
KeyDrop,AE,216071,VDSINA,3,3,3,3,70.0
KeyDrop,RU,198610,BEGET-AS,3,3,3,3,70.0
KeyDrop,RU,9123,TIMEWEB-AS,3,3,3,3,70.0
Kompot VPN,GB,204044,ONLYSERVERS Dedicated Server Hosting Provider,3,1,3,3,80.0
Kompot VPN,RU,207713,GIR-AS,3,1,3,3,70.0
Mullvad,FI,51765,CREANOVA-AS Oy Creanova Hosting Solutions Ltd.,3,1,3,3,95.0
Mullvad,HK,9312,XTOM xTom,3,1,3,3,95.0
Mullvad,US,25737,JONE,3,1,3,3,95.0
NordVPN,MD,43289,TRABIA,3,1,3,3,95.0
OysterVPN,IN,136258,"ONEPROVIDER-AS BrainStorm Network, Inc",3,1,3,3,95.0
Private Internet Access,AL,197706,"KEMINET A datacenter located in TiranaAlbania. Webhosting, Dedicated Servers, VPS, IPv4IPv6 leasing",3,1,3,3,95.0
Private Internet Access,IT,212238,CDNEXT,3,1,3,3,95.0
Private Internet Access,LT,61272,IST-AS,3,1,3,3,95.0
Private Internet Access,NL,212238,CDNEXT,3,2,3,3,95.0
Private Internet Access,NL,51430,ALTUS,3,1,3,3,95.0
Private Internet Access,UK,9009,M247,3,1,3,3,95.0
Private Internet Access,US,6461,ZAYO-6461,3,2,3,3,95.0
PrivateVPN,AU,133480,INT-5GN-AS-AP 5G NETWORK OPERATIONS PTY LTD,3,3,3,3,90.3
PrivateVPN,CA,42201,PVDATANET,3,1,3,3,95.0
PrivateVPN,US,9009,M247,3,2,3,3,92.7
ProtonVPN,GB,25369,BANDWIDTH-AS,3,2,3,3,95.0
ProtonVPN,US,7979,SERVERS-COM,3,2,3,3,95.0
Proxpn,MU,0,,3,2,3,3,78.0
Proxpn,US,20473,AS-VULTR,3,3,3,3,78.0
Riseup VPN,US,16652,RISEUP,3,3,3,3,95.0
Safervpn,CA,136258,"ONEPROVIDER-AS BrainStorm Network, Inc",3,3,3,3,78.0
Sentinel dVPN,AE,60117,HS,3,2,3,3,95.0
Sentinel dVPN,AR,27823,Dattatec.com,3,2,3,3,95.0
Sentinel dVPN,CY,202448,MVPS www.mvps.net,3,3,3,3,95.0
Sentinel dVPN,DE,215607,DF-TRANSIT,3,1,3,3,95.0
Sentinel dVPN,DE,215960,HEARTBEAT-IT,3,2,3,3,95.0
Sentinel dVPN,DE,3214,XTOM xTom GmbH,3,3,3,3,95.0
Sentinel dVPN,FR,12322,PROXAD,3,3,3,3,95.0
Sentinel dVPN,FR,208226,OUIHEBERG,3,3,3,3,95.0
Sentinel dVPN,GB,203090,COOPNORGE,3,3,3,3,95.0
Sentinel dVPN,HK,138915,KAOPU-HK Kaopu Cloud HK Limited,3,3,3,3,95.0
Sentinel dVPN,IN,150623,HOSTPAT-AS-IN HOSTDZIRE WEB SERVICES PRIVATE LIMITED,3,2,3,3,95.0
Sentinel dVPN,KZ,9198,KAZTELECOM-AS,3,1,3,3,95.0
Sentinel dVPN,NL,212477,ROYALE-AS,3,3,3,3,95.0
Sentinel dVPN,NO,214639,ITM NORD AS,3,2,3,3,95.0
Sentinel dVPN,SG,141995,CAPL-AS-AP Contabo Asia Private Limited,3,3,3,3,95.0
Sentinel dVPN,TR,209604,TWO-E-TELEKOM,3,3,3,3,95.0
Sentinel dVPN,US,25693,VIRMACH,3,3,3,3,95.0
Sentinel dVPN,US,26042,FIBERSTATE,3,2,3,3,95.0
Sentinel dVPN,US,40676,AS40676 - Psychz Networks,3,2,3,3,95.0
SmartVPN,CA,36666,GTCOMM,3,3,3,3,88.0
SmartVPN,US,14061,DIGITALOCEAN-ASN,3,3,3,3,88.0
Smartdnsproxy,NL,213035,AS-SERVERION Serverion B.V.,3,2,3,3,78.0
Smartdnsproxy,US,20473,AS-VULTR,3,3,3,3,78.0
StrongVPN,MY,132372,GBNETWORK-AS-AP GB Network Solutions Sdn. Bhd.,3,1,3,3,85.0
StrongVPN,NL,51430,ALTUS,3,1,3,3,85.0
StrongVPN,US,21859,ZEN-ECN,3,2,3,3,80.0
StrongVPN,US,46844,SHARKTECH,3,1,3,3,90.0
Surfshark,UK,25369,BANDWIDTH-AS,3,2,3,3,95.0
Surfshark,US,13737,AS-INCX,3,2,3,3,95.0
Trust.Zone,CA,36666,GTCOMM,3,2,3,3,70.0
Trust.Zone,FR,12876,Online SAS,3,3,3,3,70.0
TunnelBear,NL,60781,LEASEWEB-NL-AMS-01 Netherlands,3,1,3,3,95.0
VPN Gate,JP,18126,"CTCX Chubu Telecommunications Company, Inc.",3,3,3,3,78.0
VPN Gate,JP,2519,VECTANT ARTERIA Networks Corporation,3,3,3,3,78.0
VPN Gate,JP,4713,OCN NTT Communications Corporation,3,3,3,3,78.0
VPN Gate,JP,9824,"JTCL-JP-AS JCOM Co., Ltd.",3,3,3,3,78.0
VPN Gate,KR,9318,SKB-AS SK Broadband Co Ltd,3,3,3,3,78.0
VPN Jantit,ID,133800,IDNIC-BIZNETGIO-AS-ID PT Biznet Gio Nusantara,3,3,3,3,88.0
VPN Jantit,TH,56309,"SIAMDATA-TH Siamdata Communication Co.,Ltd.",3,3,3,3,88.0
VPN Jantit,US,15626,GF-UA,3,2,3,3,88.0
VPN Jantit,US,40676,AS40676 - Psychz Networks,3,1,3,3,88.0
VPN Unlimited,GB,20860,IOMART-AS,3,3,3,3,70.0
VPN Unlimited,GB,42831,"UKSERVERS-AS UK Dedicated Servers, Hosting and Co-Location",3,3,3,3,70.0
VPN Unlimited,NL,6206,NETROUTING-AS,3,1,3,3,70.0
VPN Unlimited,US,18978,ENZUINC-,3,1,3,3,70.0
VPN Unlimited,US,30058,FDCSERVERS,3,1,3,3,70.0
VPN Unlimited,US,396190,LEASEWEB-USA-SEA,3,3,3,3,70.0
VPN Unlimited,US,40156,THEOPT-HOU,3,1,3,3,70.0
VPN.ac,FR,16276,OVH,3,2,3,3,95.0
VPN.ac,GB,20860,IOMART-AS,3,2,3,3,95.0
VPN.ac,HK,133752,LEASEWEB-APAC-HKG-10 LEASEWEB HONG KONG LIMITED,3,2,3,3,95.0
VPN.ac,US,19318,IS-AS-1,3,1,3,3,95.0
VPN.ac,US,396190,LEASEWEB-USA-SEA,3,2,3,3,95.0
VPNSecure,GB,21130,IOMART-IE,3,3,3,3,88.0
VPNUK,CH,21069,ASN-METANET Routingpeering issues: noc@metanet.ch,3,3,3,3,86.7
VPNUK,GB,29550,SIMPLYTRANSIT,3,3,3,3,70.0
VPNUK,RO,9009,M247,3,3,3,3,78.3
VPNUK,US,20473,AS-VULTR,3,3,3,3,95.0
Vpnht,AL,216280,Banka Kombetare Tregtare Sh.A.,3,1,3,3,78.0
WiTopia,DO,272073,SILKGLOBAL DOMINICANA SRL,3,1,3,3,95.0
WiTopia,US,10753,LUMEN-LEGACY-L3-CUSTOMER-SHARED-USE,3,1,3,3,95.0
Windscribe,AL,197706,"KEMINET A datacenter located in TiranaAlbania. Webhosting, Dedicated Servers, VPS, IPv4IPv6 leasing",3,1,3,3,95.0
Windscribe,BR,268581,QNAX LTDA,3,1,3,3,95.0
Windscribe,GE,47810,PROSERVICE,3,1,3,3,95.0
Windscribe,IS,200651,FLOKINET,3,1,3,3,95.0
Windscribe,KR,3786,LGDACOM LG DACOM Corporation,3,1,3,3,95.0
Windscribe,KR,9318,SKB-AS SK Broadband Co Ltd,3,1,3,3,95.0
Windscribe,MK,205119,TELEKS-,3,1,3,3,95.0
Windscribe,PL,197155,ARTNET,3,1,3,3,95.0
Windscribe,RU,3216,SOVAM-AS,3,1,3,3,95.0
Windscribe,TH,147176,"NNECL-AS-AP NZ Network Enterprise Co., Ltd.",3,1,3,3,95.0
Windscribe,TH,63989,DE-CORP DE-CORP,3,1,3,3,95.0
Windscribe,US,35908,VPLSNET,3,1,3,3,95.0
Windscribe,US,400587,RYAMER,3,1,3,3,95.0
Windscribe,VN,153003,LACHANSO-VN Digital Shield Technology Company Limited,3,1,3,3,95.0
WorkingVPN,FR,16276,OVH,3,3,3,3,95.0
WorldVPN,NL,56971,AS56971 AS56971 Cloud,3,3,3,3,88.0
WorldVPN,RU,43317,VEESP-AS,3,1,3,3,88.0
WorldVPN,SG,63473,HOSTHATCH,3,1,3,3,88.0
Zoogvpn,US,63023,AS-GLOBALTELEHOST,3,3,3,3,78.0
uVPN,RO,9009,M247,3,3,3,3,70.0
AnonymousVPN,LU,202422,GHOST,2,1,2,2,95.0
AnonymousVPN,UA,30860,YURTEH-AS,2,1,2,2,95.0
AnonymousVPN,US,59729,ITL-BG,2,2,2,2,95.0
Astrill,AL,198890,MADCOM-ASN,2,1,2,2,78.0
Astrill,CA,0,,2,1,2,2,78.0
Astrill,CA,36666,GTCOMM,2,2,2,2,78.0
Astrill,CZ,35592,COOLHOUSING-AS Vinohradska 190,2,1,2,2,78.0
Astrill,ES,50926,AXARNET-AS,2,1,2,2,78.0
Astrill,GR,200736,INALAN,2,1,2,2,78.0
Astrill,HK,9312,XTOM xTom,2,1,2,2,78.0
Astrill,IN,132335,LEAPSWITCH-IN-AS-AP LEAPSWITCH NETWORKS PRIVATE LIMITED,2,1,2,2,78.0
Astrill,IN,18229,CTRLS-AS-IN CtrlS,2,1,2,2,78.0
Astrill,TH,9891,CSLOX-IDC-AS-AP CS LOXINFO Public Company Limited.,2,1,2,2,78.0
Astrill,US,14061,DIGITALOCEAN-ASN,2,2,2,2,78.0
Astrill,US,18978,ENZUINC-,2,1,2,2,78.0
Astrill,US,21859,ZEN-ECN,2,1,2,2,78.0
Astrill,US,394625,WHITELABELIT,2,1,2,2,78.0
Astrill,US,400175,MICROTRONIX-ESOLUTIONS,2,1,2,2,78.0
Astrill,US,64249,ENDOFFICE,2,1,2,2,78.0
AzireVPN,GB,3170,VELOXSERV,2,1,2,2,95.0
AzireVPN,NO,50304,BLIX,2,2,2,2,95.0
AzireVPN,US,400587,RYAMER,2,2,2,2,95.0
AzireVPN,VU,43357,OWL Owl Limited,2,2,2,2,95.0
CCrypto VPN,LV,43513,NANO-AS,2,1,2,2,88.0
CactusVPN,DE,24940,HETZNER-AS,2,2,2,2,95.0
CactusVPN,LU,199524,GCORE,2,1,2,2,95.0
CactusVPN,LV,39845,LV-2CLOUD-ASN16,2,2,2,2,95.0
CactusVPN,NL,60781,LEASEWEB-NL-AMS-01 Netherlands,2,1,2,2,95.0
CactusVPN,PL,16276,OVH,2,2,2,2,95.0
CactusVPN,RO,25198,ZETSERVERS ZetServers.com - Unmetered Cloud and Dedicated Servers Provider,2,2,2,2,95.0
CactusVPN,RU,56694,SMARTAPE,2,2,2,2,95.0
CactusVPN,SE,42708,GLESYS glesys.com,2,2,2,2,95.0
CactusVPN,US,32097,WII,2,1,2,2,95.0
CyberGhost,GB,0,,2,2,2,2,95.0
CyberGhost,IN,0,,2,1,2,2,95.0
CyberGhost,US,6461,ZAYO-6461,2,1,2,2,70.0
ExpressVPN,GB,58065,PACKETEXCHANGE,2,1,2,2,70.0
ExpressVPN,GB,60068,CDN77 _,2,1,2,2,70.0
ExpressVPN,GE,47810,PROSERVICE,2,1,2,2,70.0
ExpressVPN,MD,43289,TRABIA,2,1,2,2,70.0
ExpressVPN,US,21859,ZEN-ECN,2,1,2,2,70.0
FastestVPN,DE,24961,MYLOC-AS IP Backbone of WIIT AG formerly myLoc managed IT AG,2,2,2,2,95.0
FastestVPN,US,136258,"ONEPROVIDER-AS BrainStorm Network, Inc",2,2,2,2,95.0
FastestVPN,US,40676,AS40676 - Psychz Networks,2,1,2,2,95.0
FastestVPN,US,63018,DEDICATED,2,2,2,2,95.0
FlowVPN,AT,57169,EDIS-AS-EU,2,2,2,2,70.0
FlowVPN,CA,53356,FREE RANGE CLOUD,2,1,2,2,70.0
FlowVPN,CH,59741,SINAVPS SinaVPS,2,2,2,2,70.0
FlowVPN,GB,215540,GCS-AS,2,2,2,2,70.0
FlowVPN,GE,201575,WORLDBUS,2,1,2,2,70.0
FlowVPN,IT,200185,XANDMAIL-ASN,2,2,2,2,70.0
FlowVPN,JP,2519,VECTANT ARTERIA Networks Corporation,2,1,2,2,70.0
FlowVPN,KR,45382,EHOSTIDC-AS-KR Hostcenter,2,2,2,2,70.0
FlowVPN,KR,4766,KIXS-AS-KR Korea Telecom,2,1,2,2,70.0
FlowVPN,LU,199524,GCORE,2,1,2,2,70.0
FlowVPN,SG,197537,WISDOM-CLOUD,2,1,2,2,70.0
FlowVPN,TR,48207,GLBBULUTTEKNOLOJISI-AS,2,2,2,2,70.0
FlowVPN,TW,3462,HINET Data Communication Business Group,2,2,2,2,70.0
FlowVPN,US,20454,SSASN2,2,2,2,2,70.0
FlowVPN,US,210329,CLOUDWEBMANAGE-UK-1,2,2,2,2,70.0
FlowVPN,US,53667,PONYNET,2,2,2,2,70.0
FlowVPN,ZA,37153,xneelo,2,2,2,2,70.0
FreeVPN,FR,16276,OVH,2,2,2,2,88.0
FreeVPN,ID,23679,NUSANET-AS-ID PT. Media Antar Nusa,2,2,2,2,88.0
FreeVPN,NL,60404,LITESERVER,2,1,2,2,88.0
Froot,RO,9009,M247,2,2,2,2,78.0
Getflix,RO,9009,M247,2,2,2,2,78.0
Getflix,TR,48678,TR-PENTECH-AS,2,1,2,2,78.0
Getflix,US,14061,DIGITALOCEAN-ASN,2,2,2,2,78.0
Getflix,US,20473,AS-VULTR,2,2,2,2,78.0
GhostPath,AU,133480,INT-5GN-AS-AP 5G NETWORK OPERATIONS PTY LTD,2,2,2,2,88.0
GhostPath,AU,63949,AKAMAI-LINODE-AP Akamai Connected Cloud,2,2,2,2,88.0
GhostPath,BE,57169,EDIS-AS-EU,2,1,2,2,88.0
GhostPath,CA,36666,GTCOMM,2,2,2,2,88.0
GhostPath,CA,63949,AKAMAI-LINODE-AP Akamai Connected Cloud,2,2,2,2,88.0
GhostPath,CZ,42422,SECURITYNET-AS,2,1,2,2,88.0
GhostPath,DE,63949,AKAMAI-LINODE-AP Akamai Connected Cloud,2,2,2,2,88.0
GhostPath,GB,13213,UK2NET-AS,2,2,2,2,88.0
GhostPath,GB,21472,SERVERHOUSE,2,1,2,2,88.0
GhostPath,IT,9009,M247,2,1,2,2,88.0
GhostPath,NL,57169,EDIS-AS-EU,2,1,2,2,88.0
GhostPath,RU,57169,EDIS-AS-EU,2,2,2,2,88.0
GhostPath,SG,63949,AKAMAI-LINODE-AP Akamai Connected Cloud,2,2,2,2,88.0
GhostPath,US,23470,RELIABLESITE,2,2,2,2,88.0
GhostPath,US,397373,H4Y-TECHNOLOGIES,2,2,2,2,88.0
GhostPath,US,46261,QUICKPACKET,2,2,2,2,88.0
HideIPVPN,DE,24940,HETZNER-AS,2,2,2,2,70.0
HideIPVPN,GB,51159,THINKSYSTEMSUK-ASN,2,2,2,2,70.0
HideIPVPN,PL,59491,LIVENET-,2,2,2,2,70.0
HideIPVPN,SC,202425,INT-NETWORK,2,2,2,2,70.0
HideIPVPN,US,63023,AS-GLOBALTELEHOST,2,2,2,2,70.0
Hotspotshield,GB,60068,CDN77 _,2,2,2,2,78.0
Hotspotshield,US,0,,2,2,2,2,78.0
IVPN,AU,132825,MYTEK-AS-AP MYTEK TRADING PTY LTD,2,1,2,2,95.0
IVPN,CA,394256,CLOUDSINGULARITY,2,1,2,2,95.0
IVPN,DE,28753,LEASEWEB-DE-FRA-10,2,2,2,2,95.0
IVPN,FI,51765,CREANOVA-AS Oy Creanova Hosting Solutions Ltd.,2,2,2,2,95.0
IVPN,HK,133752,LEASEWEB-APAC-HKG-10 LEASEWEB HONG KONG LIMITED,2,2,2,2,95.0
IVPN,IL,35758,HQSERV_NETWORKS,2,2,2,2,95.0
IVPN,NO,34989,SERVETHEWORLD-AS,2,2,2,2,95.0
IVPN,PT,24768,ALMOUROLTEC,2,1,2,2,95.0
IVPN,SE,42708,GLESYS glesys.com,2,1,2,2,95.0
IVPN,US,20473,AS-VULTR,2,2,2,2,95.0
IVPN,US,36352,AS-COLOCROSSING,2,2,2,2,95.0
IVPN,US,60068,CDN77 _,2,2,2,2,95.0
IVPN,US,9009,M247,2,2,2,2,95.0
IVPN,ZZ,0,,2,1,2,2,95.0
Ivacy,GB,212238,CDNEXT,2,2,2,2,95.0
Ivacy,HK,206264,AMARUTU-TECHNOLOGY,2,1,2,2,95.0
Ivacy,LU,199524,GCORE,2,2,2,2,95.0
Ivacy,RO,9009,M247,2,2,2,2,95.0
Ivacy,UK,9009,M247,2,2,2,2,95.0
Ivacy,US,36352,AS-COLOCROSSING,2,2,2,2,95.0
KevinVPN,AT,216416,EVOLUS-IX,2,2,2,2,70.0
KevinVPN,FR,208226,OUIHEBERG,2,2,2,2,70.0
KevinVPN,NL,212477,ROYALE-AS,2,1,2,2,70.0
KevinVPN,US,13335,CLOUDFLARENET,2,2,2,2,70.0
KevinVPN,US,399275,SOLID,2,2,2,2,70.0
KevinVPN,US,62564,LINVEO-LLC,2,1,2,2,70.0
MoriVPN,US,14956,ROUTERHOSTING,2,2,2,2,80.0
Mullvad,AL,197706,"KEMINET A datacenter located in TiranaAlbania. Webhosting, Dedicated Servers, VPS, IPv4IPv6 leasing",2,1,2,2,95.0
Mullvad,GB,3170,VELOXSERV,2,1,2,2,95.0
Mullvad,IN,207990,HR-CUSTOMER,2,1,2,2,95.0
Mullvad,IN,39486,HOSTROYALE,2,1,2,2,95.0
Mullvad,PA,51852,PLI-AS,2,2,2,2,95.0
Mullvad,US,17243,BYTENODE-AS,2,1,2,2,95.0
Mullvad,US,30671,DATABRIDGE,2,1,2,2,95.0
Mullvad,US,399935,HAYASHIMO,2,1,2,2,95.0
Mullvad,US,400882,AS-CYBER-DATA,2,1,2,2,95.0
Mullvad,US,6233,XTOM,2,1,2,2,95.0
NordVPN,MK,205119,TELEKS-,2,1,2,2,95.0
OVPN,DE,31103,KEYWEB-AS,2,2,2,2,95.0
Octanevpn,US,14618,AMAZON-AES,2,2,2,2,78.0
OysterVPN,CA,136258,"ONEPROVIDER-AS BrainStorm Network, Inc",2,2,2,2,95.0
OysterVPN,EU,136258,"ONEPROVIDER-AS BrainStorm Network, Inc",2,2,2,2,95.0
Private Internet Access,AU,45671,AS45671-NET-AU Wholesale Services Provider,2,1,2,2,95.0
Private Internet Access,CA,3257,GTT-BACKBONE GTT,2,2,2,2,95.0
Private Internet Access,ES,58065,PACKETEXCHANGE,2,1,2,2,95.0
Private Internet Access,MD,43289,TRABIA,2,2,2,2,95.0
Private Internet Access,MK,205119,TELEKS-,2,2,2,2,95.0
Private Internet Access,US,21859,ZEN-ECN,2,1,2,2,95.0
PrivateVPN,CA,9009,M247,2,2,2,2,95.0
PrivateVPN,DK,1299,"TWELVE99 Arelion, fka Telia Carrier",2,1,2,2,95.0
PrivateVPN,ES,42201,PVDATANET,2,1,2,2,95.0
PrivateVPN,IN,42201,PVDATANET,2,1,2,2,88.0
PrivateVPN,JP,60068,CDN77 _,2,2,2,2,95.0
PrivateVPN,NO,50304,BLIX,2,2,2,2,95.0
PrivateVPN,SE,1299,"TWELVE99 Arelion, fka Telia Carrier",2,2,2,2,95.0
PrivateVPN,US,36352,AS-COLOCROSSING,2,2,2,2,95.0
PrivateVPN,ZA,37153,xneelo,2,2,2,2,95.0
ProtonVPN,AL,197706,"KEMINET A datacenter located in TiranaAlbania. Webhosting, Dedicated Servers, VPS, IPv4IPv6 leasing",2,2,2,2,95.0
ProtonVPN,CH,208172,PV-HOSTED,2,2,2,2,95.0
ProtonVPN,GB,41564,AS41564,2,2,2,2,95.0
ProtonVPN,IS,56704,FARICE-AS,2,1,2,2,95.0
ProtonVPN,JP,3258,XTOM-JAPAN xTom Japan Corporation,2,1,2,2,95.0
ProtonVPN,NL,24875,NOVOSERVE-AS,2,1,2,2,95.0
ProtonVPN,US,46562,PERFORMIVE,2,1,2,2,95.0
ProtonVPN,US,63023,AS-GLOBALTELEHOST,2,1,2,2,95.0
Proxpn,CA,32489,AMANAHA-NEW,2,1,2,2,78.0
Proxpn,GB,42831,"UKSERVERS-AS UK Dedicated Servers, Hosting and Co-Location",2,1,2,2,78.0
Proxpn,SG,59253,LEASEWEB-APAC-SIN-11 LEASEWEB SINGAPORE PTE. LTD.,2,1,2,2,78.0
PureVPN,BR,262287,Latitude.sh LTDA,2,1,2,2,88.0
PureVPN,FI,209378,INIOS-AS,2,1,2,2,88.0
PureVPN,US,19148,LEASEWEB-USA-PHX,2,1,2,2,88.0
RedShield VPN,BR,267507,SRX TECNOLOGIA DA INFORMACAO LTDA,2,2,2,2,95.0
RedShield VPN,IL,35758,HQSERV_NETWORKS,2,2,2,2,95.0
RedShield VPN,US,23470,RELIABLESITE,2,2,2,2,95.0
RedShield VPN,US,395092,SHOCK-1,2,2,2,2,95.0
Riseup VPN,CA,7765,KOUMBIT,2,1,2,2,95.0
Riseup VPN,GB,60068,CDN77 _,2,1,2,2,95.0
Sentinel dVPN,AU,199959,CROWNCLOUD,2,2,2,2,95.0
Sentinel dVPN,AU,8888,XTOM xTom Pty Ltd,2,2,2,2,95.0
Sentinel dVPN,CA,33185,HIVE-DATA-CENTER,2,1,2,2,95.0
Sentinel dVPN,CH,213929,AS213929CH AS213929.ch,2,2,2,2,95.0
Sentinel dVPN,DE,206075,HOLLANDER-JACOBSEN,2,2,2,2,95.0
Sentinel dVPN,GB,201323,HOST-MEDIA-LTD,2,1,2,2,95.0
Sentinel dVPN,GB,213495,SERVITRO-LTD,2,2,2,2,95.0
Sentinel dVPN,GB,215730,H2NEXUS-AS,2,2,2,2,95.0
Sentinel dVPN,GE,213520,SENKO-AS Senko Digital Ltd,2,2,2,2,95.0
Sentinel dVPN,HK,149042,SITCL-AS-AP Silicon Cloud Global US,2,1,2,2,95.0
Sentinel dVPN,IT,197075,ACTIVENETWORK-AS Active Network S.p.A.,2,1,2,2,95.0
Sentinel dVPN,IT,212271,C1V Internet Service Provider in Italy,2,1,2,2,95.0
Sentinel dVPN,JP,3258,XTOM-JAPAN xTom Japan Corporation,2,2,2,2,95.0
Sentinel dVPN,KG,50053,ANTON-LEVIN-AS,2,2,2,2,95.0
Sentinel dVPN,KR,4766,KIXS-AS-KR Korea Telecom,2,2,2,2,95.0
Sentinel dVPN,LT,8849,MELBICOM-EU-AS Melbikomas UAB,2,1,2,2,95.0
Sentinel dVPN,MD,200019,ALEXHOST,2,2,2,2,95.0
Sentinel dVPN,RO,211462,GHT-NET,2,2,2,2,95.0
Sentinel dVPN,SA,213535,YOTTASRC,2,2,2,2,95.0
Sentinel dVPN,SG,150423,SERVER-AS-AP Server Galactic Private Limited,2,2,2,2,95.0
Sentinel dVPN,SG,59253,LEASEWEB-APAC-SIN-11 LEASEWEB SINGAPORE PTE. LTD.,2,2,2,2,95.0
Sentinel dVPN,UA,209630,KREDIT-AS,2,1,2,2,95.0
Sentinel dVPN,UA,2864,ALJASKA-AS,2,1,2,2,95.0
Sentinel dVPN,US,11117,NUYEK,2,2,2,2,95.0
Sentinel dVPN,US,13649,ASN-FLEXENTIAL,2,2,2,2,95.0
Sentinel dVPN,US,13737,AS-INCX,2,1,2,2,95.0
Sentinel dVPN,US,19970,CARRIERDOMAIN-NYC,2,1,2,2,95.0
Sentinel dVPN,US,32097,WII,2,2,2,2,95.0
Sentinel dVPN,US,33387,NOCIX,2,2,2,2,95.0
Sentinel dVPN,US,396356,LATITUDE-SH,2,2,2,2,95.0
Sentinel dVPN,US,398493,SYSTEMINPLACE,2,2,2,2,95.0
Sentinel dVPN,US,54600,PEG-SV,2,1,2,2,95.0
Sentinel dVPN,US,62553,ELCRO-DIGITAL-SERVICES-LLC,2,1,2,2,95.0
Sentinel dVPN,US,64249,ENDOFFICE,2,1,2,2,95.0
Sentinel dVPN,US,7922,COMCAST-7922,2,2,2,2,95.0
Sentinel dVPN,Unknown,396426,-Reserved AS-,2,1,2,2,95.0
Sentinel dVPN,VN,151858,INTERDIGI-VN INTERDIGI JOINT STOCK COMPANY,2,1,2,2,95.0
SlickVPN,GB,13213,UK2NET-AS,2,2,2,2,88.0
Smartdnsproxy,AU,45671,AS45671-NET-AU Wholesale Services Provider,2,2,2,2,78.0
Smartdnsproxy,GB,60068,CDN77 _,2,2,2,2,78.0
Smartdnsproxy,LU,202422,GHOST,2,2,2,2,78.0
Smartdnsproxy,NL,43350,NFORCE,2,1,2,2,78.0
Smartdnsproxy,US,14061,DIGITALOCEAN-ASN,2,2,2,2,78.0
Smartdnsproxy,US,18978,ENZUINC-,2,2,2,2,78.0
Smartdnsproxy,US,399471,AS-SERVERION,2,2,2,2,78.0
Smartdnsproxy,US,61317,ASDETUK www.heficed.com,2,2,2,2,78.0
SotaVPN,GB,215730,H2NEXUS-AS,2,2,2,2,95.0
StrongVPN,AU,137409,GSLNETWORKS-AS-AP GSL Networks Pty LTD,2,2,2,2,80.0
StrongVPN,CA,0,,2,1,2,2,80.0
StrongVPN,CR,52423,Data Miners S.A.  Racknation.cr,2,1,2,2,80.0
StrongVPN,GB,3223,VOXILITY,2,1,2,2,87.5
Surfshark,AD,209854,CYBERZONEHUB,2,1,2,2,95.0
Surfshark,AE,9009,M247,2,1,2,2,95.0
Surfshark,AL,209854,CYBERZONEHUB,2,1,2,2,95.0
Surfshark,AM,209854,CYBERZONEHUB,2,1,2,2,95.0
Surfshark,AR,209854,CYBERZONEHUB,2,1,2,2,95.0
Surfshark,AU,209854,CYBERZONEHUB,2,2,2,2,95.0
Surfshark,AZ,209854,CYBERZONEHUB,2,1,2,2,95.0
Surfshark,BA,209854,CYBERZONEHUB,2,1,2,2,95.0
Surfshark,BD,209854,CYBERZONEHUB,2,1,2,2,95.0
Surfshark,BE,49453,GLOBALLAYER,2,1,2,2,95.0
Surfshark,BE,9009,M247,2,2,2,2,95.0
Surfshark,BN,209854,CYBERZONEHUB,2,1,2,2,95.0
Surfshark,BO,209854,CYBERZONEHUB,2,1,2,2,95.0
Surfshark,BS,209854,CYBERZONEHUB,2,1,2,2,95.0
Surfshark,BT,209854,CYBERZONEHUB,2,1,2,2,95.0
Surfshark,BZ,209854,CYBERZONEHUB,2,1,2,2,95.0
Surfshark,CL,212238,CDNEXT,2,1,2,2,95.0
Surfshark,CO,212238,CDNEXT,2,1,2,2,95.0
Surfshark,CR,209854,CYBERZONEHUB,2,1,2,2,95.0
Surfshark,CY,203020,HOSTROYALE,2,1,2,2,95.0
Surfshark,DE,209854,CYBERZONEHUB,2,1,2,2,95.0
Surfshark,DK,9009,M247,2,2,2,2,95.0
Surfshark,DZ,209854,CYBERZONEHUB,2,1,2,2,95.0
Surfshark,EC,209854,CYBERZONEHUB,2,1,2,2,95.0
Surfshark,EE,203020,HOSTROYALE,2,1,2,2,95.0
Surfshark,EG,209854,CYBERZONEHUB,2,1,2,2,95.0
Surfshark,FI,209854,CYBERZONEHUB,2,1,2,2,95.0
Surfshark,FR,25369,BANDWIDTH-AS,2,1,2,2,95.0
Surfshark,FR,39486,HOSTROYALE,2,1,2,2,95.0
Surfshark,GE,209854,CYBERZONEHUB,2,1,2,2,95.0
Surfshark,GH,209854,CYBERZONEHUB,2,1,2,2,95.0
Surfshark,GL,209854,CYBERZONEHUB,2,1,2,2,95.0
Surfshark,GR,212238,CDNEXT,2,2,2,2,95.0
Surfshark,HR,212238,CDNEXT,2,1,2,2,95.0
Surfshark,HU,212238,CDNEXT,2,1,2,2,95.0
Surfshark,ID,209854,CYBERZONEHUB,2,1,2,2,95.0
Surfshark,IL,212238,CDNEXT,2,1,2,2,95.0
Surfshark,IM,209854,CYBERZONEHUB,2,1,2,2,95.0
Surfshark,IS,209854,CYBERZONEHUB,2,1,2,2,95.0
Surfshark,IT,60068,CDN77 _,2,1,2,2,95.0
Surfshark,IT,9009,M247,2,1,2,2,95.0
Surfshark,KH,209854,CYBERZONEHUB,2,1,2,2,95.0
Surfshark,KZ,209854,CYBERZONEHUB,2,1,2,2,95.0
Surfshark,LA,209854,CYBERZONEHUB,2,1,2,2,95.0
Surfshark,LI,209854,CYBERZONEHUB,2,1,2,2,95.0
Surfshark,LT,209854,CYBERZONEHUB,2,1,2,2,95.0
Surfshark,LU,203020,HOSTROYALE,2,1,2,2,95.0
Surfshark,LV,43513,NANO-AS,2,1,2,2,95.0
Surfshark,MA,209854,CYBERZONEHUB,2,1,2,2,95.0
Surfshark,MC,209854,CYBERZONEHUB,2,1,2,2,95.0
Surfshark,MD,209854,CYBERZONEHUB,2,1,2,2,95.0
Surfshark,ME,209854,CYBERZONEHUB,2,1,2,2,95.0
Surfshark,MK,209854,CYBERZONEHUB,2,1,2,2,95.0
Surfshark,MM,209854,CYBERZONEHUB,2,1,2,2,95.0
Surfshark,MN,209854,CYBERZONEHUB,2,1,2,2,95.0
Surfshark,MO,209854,CYBERZONEHUB,2,1,2,2,95.0
Surfshark,MT,203020,HOSTROYALE,2,1,2,2,95.0
Surfshark,NG,212238,CDNEXT,2,1,2,2,95.0
Surfshark,NO,212238,CDNEXT,2,1,2,2,95.0
Surfshark,NP,209854,CYBERZONEHUB,2,1,2,2,95.0
Surfshark,NZ,136557,HOST-AS-AP Host Universal Pty Ltd,2,1,2,2,95.0
Surfshark,PA,209854,CYBERZONEHUB,2,1,2,2,95.0
Surfshark,PE,212238,CDNEXT,2,1,2,2,95.0
Surfshark,PH,209854,CYBERZONEHUB,2,1,2,2,95.0
Surfshark,PK,209854,CYBERZONEHUB,2,1,2,2,95.0
Surfshark,PL,197155,ARTNET,2,2,2,2,95.0
Surfshark,PL,60068,CDN77 _,2,2,2,2,95.0
Surfshark,PR,209854,CYBERZONEHUB,2,1,2,2,95.0
Surfshark,PT,39486,HOSTROYALE,2,1,2,2,95.0
Surfshark,PY,209854,CYBERZONEHUB,2,1,2,2,95.0
Surfshark,RS,9009,M247,2,2,2,2,95.0
Surfshark,SA,209854,CYBERZONEHUB,2,1,2,2,95.0
Surfshark,SE,60068,CDN77 _,2,1,2,2,95.0
Surfshark,SI,207990,HR-CUSTOMER,2,1,2,2,95.0
Surfshark,SK,60068,CDN77 _,2,1,2,2,95.0
Surfshark,TH,205676,DCE,2,1,2,2,95.0
Surfshark,TR,212238,CDNEXT,2,1,2,2,95.0
Surfshark,TW,209854,CYBERZONEHUB,2,1,2,2,95.0
Surfshark,UA,212238,CDNEXT,2,1,2,2,95.0
Surfshark,UK,203020,HOSTROYALE,2,1,2,2,95.0
Surfshark,UK,9009,M247,2,2,2,2,95.0
Surfshark,US,203020,HOSTROYALE,2,1,2,2,95.0
Surfshark,US,9009,M247,2,1,2,2,95.0
Surfshark,UY,209854,CYBERZONEHUB,2,1,2,2,95.0
Surfshark,UZ,209854,CYBERZONEHUB,2,1,2,2,95.0
Surfshark,VE,209854,CYBERZONEHUB,2,1,2,2,95.0
Surfshark,VN,209854,CYBERZONEHUB,2,1,2,2,95.0
Surfshark,ZA,212238,CDNEXT,2,2,2,2,95.0
SwitchVPN,CA,7040,NETMINDERS,2,1,2,2,88.0
SwitchVPN,GB,20860,IOMART-AS,2,2,2,2,88.0
Trust.Zone,BG,202015,HZ-US-AS,2,2,2,2,70.0
Trust.Zone,BG,59711,HZ-EU-AS,2,2,2,2,70.0
Trust.Zone,BG,61046,HZ-UK-AS,2,2,2,2,70.0
Trust.Zone,CA,11831,ESECUREDATA,2,2,2,2,70.0
Trust.Zone,CA,32489,AMANAHA-NEW,2,2,2,2,70.0
Trust.Zone,GB,16247,"M247-UK M247 UK Ltd, trading as M247",2,2,2,2,70.0
Trust.Zone,GB,200740,FIRST-SERVER-EU-AS FIRST-SERVER-US,2,1,2,2,70.0
Trust.Zone,NL,49981,WORLDSTREAM,2,2,2,2,70.0
TunnelBear,US,20473,AS-VULTR,2,2,2,2,95.0
VPN Gate,JP,2518,BIGLOBE BIGLOBE Inc.,2,2,2,2,78.0
VPN Gate,TH,133481,AIS-FIBRE-AS-AP AIS Fibre,2,2,2,2,78.0
VPN Jantit,GB,200740,FIRST-SERVER-EU-AS FIRST-SERVER-US,2,2,2,2,88.0
VPN Jantit,GB,205090,FIRST-SERVER-EUROPE,2,2,2,2,88.0
VPN Jantit,GB,207957,SERVHOST-AS,2,2,2,2,88.0
VPN Jantit,HU,62214,RACKFOREST-AS,2,2,2,2,88.0
VPN Jantit,ID,135450,IDNIC-BSTI-AS-ID PT Berkah Solusi Teknologi Informasi,2,1,2,2,88.0
VPN Jantit,ID,139989,IDNIC-ATHAMEDIANET-AS-ID CV Atha Media Prima,2,1,2,2,88.0
VPN Jantit,KH,38623,VIETTELCAMBODIA-AS-AP ISPIXP IN CAMBODIA WITH THE BEST VERVICE IN THERE.,2,1,2,2,88.0
VPN Jantit,KZ,9198,KAZTELECOM-AS,2,1,2,2,88.0
VPN Jantit,LU,199524,GCORE,2,2,2,2,88.0
VPN Jantit,PH,9658,"ETPI-IDS-AS-AP Eastern Telecoms Phils., Inc.",2,2,2,2,88.0
VPN Jantit,RU,207713,GIR-AS,2,2,2,2,88.0
VPN Jantit,US,21859,ZEN-ECN,2,2,2,2,88.0
VPN Jantit,US,397032,SPARKED,2,2,2,2,88.0
VPN Jantit,US,400992,ZHOUYISAT-COMMUNICATIONS,2,2,2,2,88.0
VPN Jantit,US,44259,ULTAHOST-AP-AS,2,1,2,2,88.0
VPN Jantit,US,59729,ITL-BG,2,2,2,2,88.0
VPN Jantit,VN,56150,VHOST-AS-VN Viet Solutions Services Trading Company Limited,2,2,2,2,88.0
VPN Unlimited,BG,59711,HZ-EU-AS,2,2,2,2,70.0
VPN Unlimited,DE,30083,AS-30083-US-VELIA-NET,2,1,2,2,70.0
VPN Unlimited,GR,8280,SYNAPSECOM-AS SYNAPSECOM TELECOMS S.A.,2,2,2,2,70.0
VPN Unlimited,US,395954,LEASEWEB-USA-LAX,2,1,2,2,70.0
VPN Unlimited,US,46475,LIMESTONENETWORKS,2,2,2,2,70.0
VPN.ac,CA,11831,ESECUREDATA,2,1,2,2,95.0
VPN.ac,CA,32489,AMANAHA-NEW,2,2,2,2,95.0
VPN.ac,US,7203,LEASEWEB-USA-SFO,2,1,2,2,95.0
VPNSecure,FR,12876,Online SAS,2,2,2,2,88.0
VPNSecure,GB,212238,CDNEXT,2,1,2,2,88.0
VPNSecure,RO,43376,DOT,2,1,2,2,88.0
VPNSecure,UA,47987,DELTAHOST-KYIV,2,2,2,2,88.0
VPNSecure,US,36007,KAMATERA,2,2,2,2,88.0
VPNUK,FR,12876,Online SAS,2,2,2,2,82.5
VPNUK,IT,49367,ASSEFLOW,2,2,2,2,95.0
VPNUK,US,33387,NOCIX,2,2,2,2,95.0
Vpnbook,FR,16276,OVH,2,2,2,2,78.0
Vpnht,SG,0,,2,1,2,2,78.0
WorldVPN,AT,63473,HOSTHATCH,2,1,2,2,88.0
WorldVPN,NL,209847,THE,2,2,2,2,88.0
WorldVPN,NL,21100,ITLDC-EU,2,2,2,2,88.0
WorldVPN,SE,63473,HOSTHATCH,2,2,2,2,88.0
WorldVPN,US,8254,ROUTE95,2,1,2,2,88.0
Zoogvpn,DE,24961,MYLOC-AS IP Backbone of WIIT AG formerly myLoc managed IT AG,2,2,2,2,78.0
Zoogvpn,GB,212238,CDNEXT,2,2,2,2,78.0
Zoogvpn,NL,60781,LEASEWEB-NL-AMS-01 Netherlands,2,2,2,2,78.0
Zoogvpn,UA,200000,UKRAINE-AS,2,2,2,2,78.0
uVPN,DE,24940,HETZNER-AS,2,2,2,2,70.0
Anonvpn,CA,32489,AMANAHA-NEW,1,1,1,1,78.0
Anonvpn,GB,42831,"UKSERVERS-AS UK Dedicated Servers, Hosting and Co-Location",1,1,1,1,78.0
Anonvpn,US,30058,FDCSERVERS,1,1,1,1,78.0
AnonymousVPN,CZ,24971,MASTER-AS Czech Republic  www.master.cz,1,1,1,1,95.0
AnonymousVPN,DE,202401,WEBHOSTING24-AS Webhosting24 GmbH,1,1,1,1,95.0
AnonymousVPN,FR,12876,Online SAS,1,1,1,1,95.0
AnonymousVPN,IT,49367,ASSEFLOW,1,1,1,1,95.0
AnonymousVPN,LT,15440,BALTNETA Customers AS,1,1,1,1,95.0
AnonymousVPN,LV,3281,SIA_2CLOUD,1,1,1,1,95.0
AnonymousVPN,LV,52173,MAKONIX,1,1,1,1,95.0
AnonymousVPN,RO,6718,NAV NAV Communications,1,1,1,1,95.0
AnonymousVPN,SE,1299,"TWELVE99 Arelion, fka Telia Carrier",1,1,1,1,95.0
AnonymousVPN,UA,48031,XSERVERCLOUD,1,1,1,1,95.0
AnonymousVPN,US,204957,GREENFLOID-AS,1,1,1,1,95.0
AnonymousVPN,US,61317,ASDETUK www.heficed.com,1,1,1,1,95.0
AnonymousVPN,US,63473,HOSTHATCH,1,1,1,1,95.0
AnonymousVPN,ZA,329184,Host-Africa-AS2,1,1,1,1,95.0
Astrill,HK,4760,HKTIMS-AP HKT Limited,1,1,1,1,78.0
Astrill,ID,45731,"ARDH-AS-ID ARDH GLOBAL INDONESIA, PT",1,1,1,1,80.0
Astrill,KZ,214789,NOVA-CLOUD-,1,1,1,1,78.0
Astrill,SE,42708,GLESYS glesys.com,1,1,1,1,78.0
Astrill,SI,25467,AKTON-AS Akton Autonomous System,1,1,1,1,78.0
Astrill,TR,48011,DIGITURUNC,1,1,1,1,80.0
Astrill,US,17356,VERMONT-TELE,1,1,1,1,78.0
Astrill,US,5650,FRONTIER-FRTR,1,1,1,1,78.0
AzireVPN,AU,136557,HOST-AS-AP Host Universal Pty Ltd,1,1,1,1,95.0
AzireVPN,CA,394256,CLOUDSINGULARITY,1,1,1,1,95.0
AzireVPN,CA,40028,AS40028 - 1651884 Ontario Inc.,1,1,1,1,95.0
AzireVPN,ID,137373,IDNIC-SUITEN-AS-ID PT. SUITEN INOVASI SUKSES,1,1,1,1,95.0
AzireVPN,NO,61292,BLXGRP,1,1,1,1,95.0
AzireVPN,TH,58955,"BANGMODENTERPRISE-TH Bangmod Enterprise Co., Ltd.",1,1,1,1,95.0
AzireVPN,UA,3236,SERVER server.ua,1,1,1,1,95.0
AzireVPN,US,18747,IFX18747,1,1,1,1,95.0
AzireVPN,US,63018,DEDICATED,1,1,1,1,95.0
AzireVPN,VU,23959,OWL-AS-AP Owl Limited,1,1,1,1,95.0
AzireVPN,ZA,328915,MANN-IT-AS,1,1,1,1,95.0
BTGuard,CA,32489,AMANAHA-NEW,1,1,1,1,70.0
BTGuard,LT,8849,MELBICOM-EU-AS Melbikomas UAB,1,1,1,1,70.0
BTGuard,US,20473,AS-VULTR,1,1,1,1,70.0
CCrypto VPN,EE,207083,HOSTSLIM-GLOBAL-NETWORK,1,1,1,1,88.0
CCrypto VPN,US,11878,TZULO,1,1,1,1,88.0
CactusVPN,AU,16276,OVH,1,1,1,1,95.0
CactusVPN,BR,268581,QNAX LTDA,1,1,1,1,95.0
CactusVPN,BR,396356,LATITUDE-SH,1,1,1,1,95.0
CactusVPN,CH,200019,ALEXHOST,1,1,1,1,95.0
CactusVPN,CH,51852,PLI-AS,1,1,1,1,95.0
CactusVPN,ES,62005,BV-EU-AS,1,1,1,1,95.0
CactusVPN,ES,9009,M247,1,1,1,1,95.0
CactusVPN,FR,12876,Online SAS,1,1,1,1,95.0
CactusVPN,HK,133398,TELE-AS Tele Asia Limited,1,1,1,1,95.0
CactusVPN,HK,133752,LEASEWEB-APAC-HKG-10 LEASEWEB HONG KONG LIMITED,1,1,1,1,95.0
CactusVPN,IN,136258,"ONEPROVIDER-AS BrainStorm Network, Inc",1,1,1,1,95.0
CactusVPN,IN,44259,ULTAHOST-AP-AS,1,1,1,1,95.0
CactusVPN,IT,31034,ARUBA-ASN,1,1,1,1,95.0
CactusVPN,IT,62005,BV-EU-AS,1,1,1,1,95.0
CactusVPN,JP,138915,KAOPU-HK Kaopu Cloud HK Limited,1,1,1,1,95.0
CactusVPN,JP,212238,CDNEXT,1,1,1,1,95.0
CactusVPN,MD,200019,ALEXHOST,1,1,1,1,95.0
CactusVPN,MD,44388,"TOPHOST-MD-AS R.Moldova, Chisinau, Paris 18A",1,1,1,1,95.0
CactusVPN,MY,45839,SHINJIRU-MY-AS-AP Shinjiru Technology Sdn Bhd,1,1,1,1,95.0
CactusVPN,NL,211154,MFBANKA-AS,1,1,1,1,95.0
CactusVPN,NL,30058,FDCSERVERS,1,1,1,1,95.0
CactusVPN,NL,62005,BV-EU-AS,1,1,1,1,95.0
CactusVPN,NL,62068,SPECTRAIP SpectraIP B.V.,1,1,1,1,95.0
CactusVPN,PT,136258,"ONEPROVIDER-AS BrainStorm Network, Inc",1,1,1,1,95.0
CactusVPN,PT,204094,I4W,1,1,1,1,95.0
CactusVPN,SG,16276,OVH,1,1,1,1,95.0
CactusVPN,UA,3236,SERVER server.ua,1,1,1,1,95.0
CactusVPN,UA,6698,VIRTUALSYSTEMS,1,1,1,1,95.0
CactusVPN,US,14586,NUCLEARFALLOUT-CHI,1,1,1,1,95.0
CactusVPN,US,32374,NUCLEARFALLOUT-LAX,1,1,1,1,95.0
CactusVPN,US,32751,NUCLEARFALLOUT-SEA,1,1,1,1,95.0
CactusVPN,US,393458,NUCLEARFALLOUT-ATL,1,1,1,1,95.0
CactusVPN,US,400475,NUCLEARFALLOUT-DAL,1,1,1,1,95.0
CactusVPN,US,401263,NUCLEARFALLOUT-NYC,1,1,1,1,95.0
CyberGhost,AU,45671,AS45671-NET-AU Wholesale Services Provider,1,1,1,1,95.0
CyberGhost,US,4213,EVOCATIVE-GLOBAL,1,1,1,1,70.0
EasyHideIP,SE,42708,GLESYS glesys.com,1,1,1,1,95.0
FastestVPN,GB,58325,BANDWIDTH-ASIA,1,1,1,1,95.0
FastestVPN,KR,45382,EHOSTIDC-AS-KR Hostcenter,1,1,1,1,95.0
FastestVPN,PT,59787,WEBHS WEBSP LDA,1,1,1,1,95.0
FastestVPN,TR,206991,IXIR,1,1,1,1,95.0
FastestVPN,UA,48031,XSERVERCLOUD,1,1,1,1,95.0
FastestVPN,UK,3170,VELOXSERV,1,1,1,1,95.0
FastestVPN,US,30633,LEASEWEB-USA-WDC,1,1,1,1,95.0
FastestVPN,ZA,37153,xneelo,1,1,1,1,95.0
FlowVPN,AM,0,,1,1,1,1,70.0
FlowVPN,AR,61493,InterBS S.R.L. BAEHOST,1,1,1,1,70.0
FlowVPN,AT,40994,"ALWYZON Alwyzon, a trading name of Hohl IT e.U.",1,1,1,1,70.0
FlowVPN,AT,64457,PIPEHOST-AS PIPEHOST,1,1,1,1,70.0
FlowVPN,AU,136557,HOST-AS-AP Host Universal Pty Ltd,1,1,1,1,70.0
FlowVPN,AZ,29049,DELTA-TELECOM-AS International Communication Operator,1,1,1,1,70.0
FlowVPN,CA,0,,1,1,1,1,70.0
FlowVPN,CA,54643,IDIGITAL,1,1,1,1,70.0
FlowVPN,CA,835,GOCODEIT-EDGE,1,1,1,1,70.0
FlowVPN,CH,50837,CLOUDSIGMA-AS,1,1,1,1,70.0
FlowVPN,CL,52368,ZAM LTDA.,1,1,1,1,70.0
FlowVPN,CR,52423,Data Miners S.A.  Racknation.cr,1,1,1,1,70.0
FlowVPN,CY,197648,CL8ASN1,1,1,1,1,70.0
FlowVPN,DE,201011,CORE-BACKBONE CORE-BACKBONE GMBH GLOBAL NETWORK,1,1,1,1,70.0
FlowVPN,DE,24679,SSERV-AS,1,1,1,1,70.0
FlowVPN,DE,8648,ONE-NETWORK,1,1,1,1,70.0
FlowVPN,DK,215052,DINSERVGRO-NET,1,1,1,1,70.0
FlowVPN,EE,202759,FAIRYHOSTING,1,1,1,1,70.0
FlowVPN,FI,51765,CREANOVA-AS Oy Creanova Hosting Solutions Ltd.,1,1,1,1,70.0
FlowVPN,FR,12876,Online SAS,1,1,1,1,70.0
FlowVPN,FR,207992,FEELB,1,1,1,1,70.0
FlowVPN,FR,35661,VIRTUASYS-EU Lift weight. Push bytes. Never drop. Repeat.,1,1,1,1,70.0
FlowVPN,GB,207108,AHCLOUD,1,1,1,1,70.0
FlowVPN,GB,215730,H2NEXUS-AS,1,1,1,1,70.0
FlowVPN,GB,25369,BANDWIDTH-AS,1,1,1,1,70.0
FlowVPN,GB,42831,"UKSERVERS-AS UK Dedicated Servers, Hosting and Co-Location",1,1,1,1,70.0
FlowVPN,GB,44684,MYTHIC Mythic Beasts Ltd,1,1,1,1,70.0
FlowVPN,GB,47264,LDEX,1,1,1,1,70.0
FlowVPN,GB,49592,PIPE-NET pipehost.net,1,1,1,1,70.0
FlowVPN,GB,59895,BINARYRACKS-AS,1,1,1,1,70.0
FlowVPN,GB,64080,SYN-UK SYN,1,1,1,1,70.0
FlowVPN,GE,203647,WORLDBUS,1,1,1,1,70.0
FlowVPN,HK,132839,POWERLINE-AS-AP POWER LINE DATACENTER,1,1,1,1,70.0
FlowVPN,HK,17497,LGHL-AS-AP Liasail Global Hongkong Limited,1,1,1,1,70.0
FlowVPN,HR,61211,SETCOR,1,1,1,1,70.0
FlowVPN,ID,136052,IDNIC-IDCLOUDHOST-AS-ID PT Cloud Hosting Indonesia,1,1,1,1,70.0
FlowVPN,IL,44709,CLOUDWEBMANAGE-,1,1,1,1,70.0
FlowVPN,IN,213167,CHOCIZ-AS,1,1,1,1,70.0
FlowVPN,IT,0,,1,1,1,1,70.0
FlowVPN,IT,197075,ACTIVENETWORK-AS Active Network S.p.A.,1,1,1,1,70.0
FlowVPN,IT,199653,ARUBAFR-AS,1,1,1,1,70.0
FlowVPN,IT,31034,ARUBA-ASN,1,1,1,1,70.0
FlowVPN,KZ,41798,TTC-AS JSC Transtelecom,1,1,1,1,70.0
FlowVPN,LT,15440,BALTNETA Customers AS,1,1,1,1,70.0
FlowVPN,LT,56630,MELBICOM-EU-AS Melbikomas UAB,1,1,1,1,70.0
FlowVPN,LT,8849,MELBICOM-EU-AS Melbikomas UAB,1,1,1,1,70.0
FlowVPN,MD,48753,AVAHOHST,1,1,1,1,70.0
FlowVPN,MX,28423,Truxgo S. de R.L de C.V,1,1,1,1,70.0
FlowVPN,MY,149440,EVOXTENTERPRISE-AS-AP Evoxt Enterprise,1,1,1,1,70.0
FlowVPN,PA,52469,Offshore Racks S.A,1,1,1,1,70.0
FlowVPN,PL,203210,SZYBKINET,1,1,1,1,70.0
FlowVPN,PT,24768,ALMOUROLTEC,1,1,1,1,70.0
FlowVPN,SE,42708,GLESYS glesys.com,1,1,1,1,70.0
FlowVPN,SE,51519,KARABRO Karabro AB,1,1,1,1,70.0
FlowVPN,SG,38001,NEWMEDIAEXPRESS-AS-AP NewMedia Express Pte Ltd,1,1,1,1,70.0
FlowVPN,SG,59364,VHOST-HOLDINGS-SG vHost Holdings Pte Ltd,1,1,1,1,70.0
FlowVPN,TN,329268,SS7-AS,1,1,1,1,70.0
FlowVPN,UA,0,,1,1,1,1,70.0
FlowVPN,UA,47987,DELTAHOST-KYIV,1,1,1,1,70.0
FlowVPN,UA,6698,VIRTUALSYSTEMS,1,1,1,1,70.0
FlowVPN,US,15083,INFOLINK-MIA-,1,1,1,1,70.0
FlowVPN,US,203156,RELAYIFY-LLC,1,1,1,1,70.0
FlowVPN,US,22439,PERFECT-INTERNATIONAL,1,1,1,1,70.0
FlowVPN,US,23352,SERVERCENTRAL,1,1,1,1,70.0
FlowVPN,US,29951,SYPTEC-NOC,1,1,1,1,70.0
FlowVPN,US,33387,NOCIX,1,1,1,1,70.0
FlowVPN,US,36007,KAMATERA,1,1,1,1,70.0
FlowVPN,US,36351,SOFTLAYER,1,1,1,1,70.0
FlowVPN,US,394065,ESSENSYSINC,1,1,1,1,70.0
FlowVPN,US,401443,WAP-AC,1,1,1,1,70.0
FlowVPN,US,40244,TURNKEY-INTERNET,1,1,1,1,70.0
FlowVPN,US,50979,ITL-LV,1,1,1,1,70.0
FlowVPN,US,53850,GORILLASERVERS,1,1,1,1,70.0
FlowVPN,US,61138,ZAPPIE-HOST-AS Zappie Host,1,1,1,1,70.0
FlowVPN,US,61317,ASDETUK www.heficed.com,1,1,1,1,70.0
FreeVPN,CH,53667,PONYNET,1,1,1,1,88.0
FreeVPN,DE,208208,CYBERSE Cyberse GmbH & Co. KG,1,1,1,1,88.0
FreeVPN,DE,41745,FORTIS-AS Hosting services,1,1,1,1,88.0
FreeVPN,EE,214790,BRAINOZA,1,1,1,1,88.0
FreeVPN,FI,26383,ASNET,1,1,1,1,88.0
FreeVPN,GB,63023,AS-GLOBALTELEHOST,1,1,1,1,88.0
FreeVPN,LU,53667,PONYNET,1,1,1,1,88.0
FreeVPN,NL,214677,DELUXHOST,1,1,1,1,88.0
FreeVPN,SE,52173,MAKONIX,1,1,1,1,88.0
FreeVPN,SG,133210,ENTECHNOLOGIES-AS-AP EN Technologies Pte Ltd,1,1,1,1,88.0
FreeVPN,US,36352,AS-COLOCROSSING,1,1,1,1,88.0
FreeVPN,US,399646,DARTNODE,1,1,1,1,88.0
Freevpn,FR,12876,Online SAS,1,1,1,1,78.0
Freevpn,FR,16276,OVH,1,1,1,1,78.0
Freevpn,NL,49981,WORLDSTREAM,1,1,1,1,78.0
Froot,CA,11831,ESECUREDATA,1,1,1,1,78.0
Froot,CA,36666,GTCOMM,1,1,1,1,78.0
Froot,CA,54643,IDIGITAL,1,1,1,1,78.0
Froot,CA,62563,AS-GLOBALTELEHOST,1,1,1,1,78.0
Froot,FR,16276,OVH,1,1,1,1,78.0
Froot,PA,51852,PLI-AS,1,1,1,1,78.0
Froot,US,62904,AS62904 - Eonix Corporation,1,1,1,1,78.0
Getflix,AU,45671,AS45671-NET-AU Wholesale Services Provider,1,1,1,1,78.0
Getflix,CA,32489,AMANAHA-NEW,1,1,1,1,78.0
Getflix,DK,30736,ASERGO-AS,1,1,1,1,78.0
Getflix,GB,13213,UK2NET-AS,1,1,1,1,78.0
Getflix,GB,60068,CDN77 _,1,1,1,1,78.0
Getflix,GR,47521,IPHOST .GR IpDomain,1,1,1,1,78.0
Getflix,NL,213035,AS-SERVERION Serverion B.V.,1,1,1,1,78.0
Getflix,NO,34989,SERVETHEWORLD-AS,1,1,1,1,78.0
Getflix,PA,51852,PLI-AS,1,1,1,1,78.0
Getflix,SE,42708,GLESYS glesys.com,1,1,1,1,78.0
Getflix,US,18978,ENZUINC-,1,1,1,1,78.0
Getflix,US,399471,AS-SERVERION,1,1,1,1,78.0
Getflix,US,6364,ATLANTIC-NET-1,1,1,1,1,78.0
GhostPath,AT,57169,EDIS-AS-EU,1,1,1,1,88.0
GhostPath,AU,0,,1,1,1,1,88.0
GhostPath,AU,58940,DEDAUS-AS-AP Dedicated Servers Australia,1,1,1,1,88.0
GhostPath,BR,262287,Latitude.sh LTDA,1,1,1,1,88.0
GhostPath,CA,0,,1,1,1,1,88.0
GhostPath,CA,10929,ESTRUXTURE-QC-10929,1,1,1,1,88.0
GhostPath,CH,29691,NINE,1,1,1,1,88.0
GhostPath,CL,28099,iHosting Servicios Internet Ltda.,1,1,1,1,88.0
GhostPath,CZ,174,COGENT-174,1,1,1,1,88.0
GhostPath,DE,13213,UK2NET-AS,1,1,1,1,88.0
GhostPath,DE,201011,CORE-BACKBONE CORE-BACKBONE GMBH GLOBAL NETWORK,1,1,1,1,88.0
GhostPath,DK,45032,FABIT-AS,1,1,1,1,88.0
GhostPath,EE,202759,FAIRYHOSTING,1,1,1,1,88.0
GhostPath,ES,39020,COMVIVE-AS Seville - Spain,1,1,1,1,88.0
GhostPath,ES,59432,GINERNET,1,1,1,1,88.0
GhostPath,FR,13213,UK2NET-AS,1,1,1,1,88.0
GhostPath,FR,16276,OVH,1,1,1,1,88.0
GhostPath,FR,9009,M247,1,1,1,1,88.0
GhostPath,GB,0,,1,1,1,1,88.0
GhostPath,GB,29302,HSI-EUROPE,1,1,1,1,88.0
GhostPath,GB,39326,HSO-GROUP,1,1,1,1,88.0
GhostPath,GB,42831,"UKSERVERS-AS UK Dedicated Servers, Hosting and Co-Location",1,1,1,1,88.0
GhostPath,GB,62217,VOOSERVERS,1,1,1,1,88.0
GhostPath,GR,205053,AWEB-ASN,1,1,1,1,88.0
GhostPath,GR,8280,SYNAPSECOM-AS SYNAPSECOM TELECOMS S.A.,1,1,1,1,88.0
GhostPath,HK,9009,M247,1,1,1,1,88.0
GhostPath,HU,56322,SERVERASTRA-AS,1,1,1,1,88.0
GhostPath,ID,45146,RAJASA-AS-ID-AP PT. Raja Sepadan Abadi,1,1,1,1,88.0
GhostPath,IE,31122,DIGIWEB-AS,1,1,1,1,88.0
GhostPath,IL,61102,INTERHOST,1,1,1,1,88.0
GhostPath,IN,14061,DIGITALOCEAN-ASN,1,1,1,1,88.0
GhostPath,IN,63949,AKAMAI-LINODE-AP Akamai Connected Cloud,1,1,1,1,88.0
GhostPath,IS,50613,THORDC-AS,1,1,1,1,88.0
GhostPath,JP,63949,AKAMAI-LINODE-AP Akamai Connected Cloud,1,1,1,1,88.0
GhostPath,LU,7979,SERVERS-COM,1,1,1,1,88.0
GhostPath,MD,43289,TRABIA,1,1,1,1,88.0
GhostPath,MY,46015,EXABYTES-AS-AP Exa Bytes Network Sdn.Bhd.,1,1,1,1,88.0
GhostPath,NL,13213,UK2NET-AS,1,1,1,1,88.0
GhostPath,NL,198203,ASN-ROUTELABEL,1,1,1,1,88.0
GhostPath,NL,34971,PDDA-AS,1,1,1,1,88.0
GhostPath,NO,56655,GIGAHOST,1,1,1,1,88.0
GhostPath,PA,52469,Offshore Racks S.A,1,1,1,1,88.0
GhostPath,PL,199319,VOICE-NET-AS,1,1,1,1,88.0
GhostPath,PT,59787,WEBHS WEBSP LDA,1,1,1,1,88.0
GhostPath,RO,9009,M247,1,1,1,1,88.0
GhostPath,RS,9009,M247,1,1,1,1,88.0
GhostPath,RU,52201,TCTEL,1,1,1,1,88.0
GhostPath,SG,0,,1,1,1,1,88.0
GhostPath,SI,48894,OPTIMUS-AS,1,1,1,1,88.0
GhostPath,TH,45413,SERVENET-AS-TH-AP ServeNET Solution Limited Partnership,1,1,1,1,88.0
GhostPath,TR,134094,"SERVERFIELD-AS Serverfield Co., Ltd.",1,1,1,1,88.0
GhostPath,UA,47987,DELTAHOST-KYIV,1,1,1,1,88.0
GhostPath,US,10297,ENET-2,1,1,1,1,88.0
GhostPath,US,20454,SSASN2,1,1,1,1,88.0
GhostPath,US,21581,M5HOSTING,1,1,1,1,88.0
GhostPath,US,29802,HVC-AS,1,1,1,1,88.0
GhostPath,US,30058,FDCSERVERS,1,1,1,1,88.0
GhostPath,US,31863,DACEN-2,1,1,1,1,88.0
GhostPath,US,33083,AXCELX-NET,1,1,1,1,88.0
GhostPath,US,33387,NOCIX,1,1,1,1,88.0
GhostPath,US,36114,VERSAWEB-ASN,1,1,1,1,88.0
GhostPath,US,3842,RAMNODE,1,1,1,1,88.0
GhostPath,US,397423,TIER-NET,1,1,1,1,88.0
GhostPath,US,40156,THEOPT-HOU,1,1,1,1,88.0
GhostPath,US,63452,VELOCIHOST,1,1,1,1,88.0
GhostPath,US,6428,CDM,1,1,1,1,88.0
Goosevpn,GB,16247,"M247-UK M247 UK Ltd, trading as M247",1,1,1,1,78.0
Goosevpn,US,7018,ATT-INTERNET4,1,1,1,1,78.0
Hide.me,CH,56803,AS-DATASOURCE,1,1,1,1,95.0
Hide.me,PL,43641,SOLLUTIUM-NL,1,1,1,1,95.0
Hide.me,US,33387,NOCIX,1,1,1,1,95.0
HideIPVPN,ES,12479,UNI2-AS,1,1,1,1,70.0
HideIPVPN,GB,13213,UK2NET-AS,1,1,1,1,70.0
HideIPVPN,LT,212531,INTERNETO-VIZIJA,1,1,1,1,70.0
HideIPVPN,RU,56694,SMARTAPE,1,1,1,1,70.0
HideIPVPN,US,30633,LEASEWEB-USA-WDC,1,1,1,1,70.0
HideIPVPN,US,6364,ATLANTIC-NET-1,1,1,1,1,70.0
HideIPVPN,US,7979,SERVERS-COM,1,1,1,1,70.0
Hotspotshield,BD,154047,IT2-AS-AP IT Nut Hosting,1,1,1,1,78.0
Hotspotshield,BR,0,,1,1,1,1,78.0
Hotspotshield,CN,0,,1,1,1,1,78.0
Hotspotshield,DE,0,,1,1,1,1,78.0
Hotspotshield,FR,12844,BOUYGTEL-B2B,1,1,1,1,78.0
Hotspotshield,GB,0,,1,1,1,1,78.0
Hotspotshield,GB,49372,WICHITA-INTER-KONNECTS-1LL4H,1,1,1,1,78.0
Hotspotshield,LT,62282,RACKRAY UAB Rakrejus,1,1,1,1,78.0
Hotspotshield,MH,50183,CENTURY-LTD,1,1,1,1,78.0
Hotspotshield,PA,51852,PLI-AS,1,1,1,1,78.0
Hotspotshield,SG,205983,INDE-PTE-EU,1,1,1,1,78.0
Hotspotshield,TW,134094,"SERVERFIELD-AS Serverfield Co., Ltd.",1,1,1,1,78.0
Hotspotshield,UA,30860,YURTEH-AS,1,1,1,1,78.0
Hotspotshield,US,396356,LATITUDE-SH,1,1,1,1,78.0
Hotspotshield,US,40676,AS40676 - Psychz Networks,1,1,1,1,78.0
Hotspotshield,ZA,0,,1,1,1,1,78.0
IVPN,BR,268581,QNAX LTDA,1,1,1,1,95.0
IVPN,GB,16247,"M247-UK M247 UK Ltd, trading as M247",1,1,1,1,95.0
IVPN,GB,212238,CDNEXT,1,1,1,1,95.0
IVPN,IS,200651,FLOKINET,1,1,1,1,95.0
IVPN,IS,50613,THORDC-AS,1,1,1,1,95.0
IVPN,LU,199524,GCORE,1,1,1,1,95.0
IVPN,UA,3236,SERVER server.ua,1,1,1,1,95.0
IVPN,UA,48031,XSERVERCLOUD,1,1,1,1,95.0
IVPN,US,13213,UK2NET-AS,1,1,1,1,95.0
IVPN,US,203020,HOSTROYALE,1,1,1,1,95.0
Integrityvpn,SE,8473,BAHNHOF,1,1,1,1,78.0
Ivacy,AF,132372,GBNETWORK-AS-AP GB Network Solutions Sdn. Bhd.,1,1,1,1,95.0
Ivacy,AL,197706,"KEMINET A datacenter located in TiranaAlbania. Webhosting, Dedicated Servers, VPS, IPv4IPv6 leasing",1,1,1,1,95.0
Ivacy,AT,9009,M247,1,1,1,1,95.0
Ivacy,BE,9009,M247,1,1,1,1,95.0
Ivacy,BG,51430,ALTUS,1,1,1,1,95.0
Ivacy,BN,132372,GBNETWORK-AS-AP GB Network Solutions Sdn. Bhd.,1,1,1,1,95.0
Ivacy,BR,132372,GBNETWORK-AS-AP GB Network Solutions Sdn. Bhd.,1,1,1,1,95.0
Ivacy,CH,212238,CDNEXT,1,1,1,1,95.0
Ivacy,CL,396356,LATITUDE-SH,1,1,1,1,95.0
Ivacy,DK,212238,CDNEXT,1,1,1,1,95.0
Ivacy,EG,132372,GBNETWORK-AS-AP GB Network Solutions Sdn. Bhd.,1,1,1,1,95.0
Ivacy,ES,9009,M247,1,1,1,1,95.0
Ivacy,FI,209378,INIOS-AS,1,1,1,1,95.0
Ivacy,FR,212238,CDNEXT,1,1,1,1,95.0
Ivacy,GB,60068,CDN77 _,1,1,1,1,95.0
Ivacy,GR,212238,CDNEXT,1,1,1,1,95.0
Ivacy,HU,212238,CDNEXT,1,1,1,1,95.0
Ivacy,IE,212238,CDNEXT,1,1,1,1,95.0
Ivacy,LT,56630,MELBICOM-EU-AS Melbikomas UAB,1,1,1,1,95.0
Ivacy,LV,56630,MELBICOM-EU-AS Melbikomas UAB,1,1,1,1,95.0
Ivacy,MD,43289,TRABIA,1,1,1,1,95.0
Ivacy,NG,212238,CDNEXT,1,1,1,1,95.0
Ivacy,NL,137409,GSLNETWORKS-AS-AP GSL Networks Pty LTD,1,1,1,1,95.0
Ivacy,NO,9009,M247,1,1,1,1,95.0
Ivacy,OM,137409,GSLNETWORKS-AS-AP GSL Networks Pty LTD,1,1,1,1,95.0
Ivacy,PA,132372,GBNETWORK-AS-AP GB Network Solutions Sdn. Bhd.,1,1,1,1,95.0
Ivacy,PH,137409,GSLNETWORKS-AS-AP GSL Networks Pty LTD,1,1,1,1,95.0
Ivacy,PL,212238,CDNEXT,1,1,1,1,95.0
Ivacy,PT,203020,HOSTROYALE,1,1,1,1,95.0
Ivacy,RS,9009,M247,1,1,1,1,95.0
Ivacy,RU,132372,GBNETWORK-AS-AP GB Network Solutions Sdn. Bhd.,1,1,1,1,95.0
Ivacy,SE,212238,CDNEXT,1,1,1,1,95.0
Ivacy,SG,137409,GSLNETWORKS-AS-AP GSL Networks Pty LTD,1,1,1,1,95.0
Ivacy,SK,212238,CDNEXT,1,1,1,1,95.0
Ivacy,TR,212238,CDNEXT,1,1,1,1,95.0
Ivacy,TW,132372,GBNETWORK-AS-AP GB Network Solutions Sdn. Bhd.,1,1,1,1,95.0
Ivacy,UA,212238,CDNEXT,1,1,1,1,95.0
Ivacy,UK,3223,VOXILITY,1,1,1,1,95.0
Ivacy,US,30633,LEASEWEB-USA-WDC,1,1,1,1,95.0
Ivacy,US,396356,LATITUDE-SH,1,1,1,1,95.0
Ivacy,US,46475,LIMESTONENETWORKS,1,1,1,1,95.0
Ivacy,US,60068,CDN77 _,1,1,1,1,95.0
Ivacy,VN,132372,GBNETWORK-AS-AP GB Network Solutions Sdn. Bhd.,1,1,1,1,95.0
KevinVPN,CA,401665,HOSTBILBY,1,1,1,1,70.0
KevinVPN,CH,29222,INFOMANIAK-AS,1,1,1,1,70.0
KevinVPN,DE,208208,CYBERSE Cyberse GmbH & Co. KG,1,1,1,1,70.0
KevinVPN,DE,215960,HEARTBEAT-IT,1,1,1,1,70.0
KevinVPN,GB,213887,WAICORE-LTD WAICORE LTD,1,1,1,1,70.0
KevinVPN,IT,207590,LOCLIXIT-AS,1,1,1,1,70.0
KevinVPN,LU,202422,GHOST,1,1,1,1,70.0
KevinVPN,NL,210429,HIZAKURA-,1,1,1,1,70.0
KevinVPN,NL,57043,HOSTKEY-AS,1,1,1,1,70.0
KevinVPN,RO,9009,M247,1,1,1,1,70.0
KevinVPN,SE,214640,HOSTUP HOSTUP,1,1,1,1,70.0
KevinVPN,SG,149020,WEBHORIZON-AS-AP WebHorizon Internet Services,1,1,1,1,70.0
KevinVPN,TR,62425,KUZEYDC,1,1,1,1,70.0
KevinVPN,US,32181,ASN-GIGENET,1,1,1,1,70.0
KevinVPN,US,399646,DARTNODE,1,1,1,1,70.0
KevinVPN,US,49791,AS-3HCLOUD,1,1,1,1,70.0
KevinVPN,US,63473,HOSTHATCH,1,1,1,1,70.0
KeyDrop,DE,197540,NETCUP-AS netcup GmbH,1,1,1,1,70.0
KeyDrop,RU,200350,YANDEXCLOUD,1,1,1,1,70.0
KeyDrop,RU,210644,AEZA-AS,1,1,1,1,70.0
KeyDrop,RU,29182,RU-JSCIOT,1,1,1,1,70.0
KeyDrop,RU,48347,MTW-AS,1,1,1,1,70.0
Kompot VPN,AR,20207,Gigared S.A.,1,1,1,1,80.0
Kompot VPN,NL,6206,NETROUTING-AS,1,1,1,1,80.0
Kompot VPN,RU,216246,RU-AEZA-AS,1,1,1,1,80.0
Kompot VPN,RU,51659,ASBAXET,1,1,1,1,70.0
Le VPN,ES,39020,COMVIVE-AS Seville - Spain,1,1,1,1,70.0
Le VPN,GB,42831,"UKSERVERS-AS UK Dedicated Servers, Hosting and Co-Location",1,1,1,1,70.0
Le VPN,HK,138915,KAOPU-HK Kaopu Cloud HK Limited,1,1,1,1,70.0
Le VPN,IS,50613,THORDC-AS,1,1,1,1,70.0
Le VPN,SE,42708,GLESYS glesys.com,1,1,1,1,70.0
Le VPN,US,395954,LEASEWEB-USA-LAX,1,1,1,1,70.0
LimeVPN,US,14586,NUCLEARFALLOUT-CHI,1,1,1,1,70.0
LimeVPN,US,214505,NUCLEARFALLOUT-FRA,1,1,1,1,70.0
LimeVPN,US,32374,NUCLEARFALLOUT-LAX,1,1,1,1,70.0
LimeVPN,US,400475,NUCLEARFALLOUT-DAL,1,1,1,1,70.0
MoriVPN,US,14544,RETEK,1,1,1,1,80.0
NetShade,DE,29066,VELIANET-AS velia.net Internetdienste GmbH,1,1,1,1,95.0
NetShade,GB,205544,LEASEWEB-UK-LON-11,1,1,1,1,95.0
NetShade,GB,60068,CDN77 _,1,1,1,1,95.0
NetShade,US,29302,HSI-EUROPE,1,1,1,1,95.0
NetShade,US,6939,HURRICANE,1,1,1,1,95.0
OVPN,CA,32489,AMANAHA-NEW,1,1,1,1,95.0
OVPN,IT,49367,ASSEFLOW,1,1,1,1,95.0
OVPN,SE,3399,OBE-NET,1,1,1,1,95.0
OVPN,SE,42708,GLESYS glesys.com,1,1,1,1,95.0
OysterVPN,AG,138915,KAOPU-HK Kaopu Cloud HK Limited,1,1,1,1,95.0
OysterVPN,AU,136258,"ONEPROVIDER-AS BrainStorm Network, Inc",1,1,1,1,95.0
OysterVPN,BG,136258,"ONEPROVIDER-AS BrainStorm Network, Inc",1,1,1,1,95.0
OysterVPN,BR,138915,KAOPU-HK Kaopu Cloud HK Limited,1,1,1,1,95.0
OysterVPN,CH,136258,"ONEPROVIDER-AS BrainStorm Network, Inc",1,1,1,1,95.0
OysterVPN,CY,136258,"ONEPROVIDER-AS BrainStorm Network, Inc",1,1,1,1,95.0
OysterVPN,CZ,136258,"ONEPROVIDER-AS BrainStorm Network, Inc",1,1,1,1,95.0
OysterVPN,DE,136258,"ONEPROVIDER-AS BrainStorm Network, Inc",1,1,1,1,95.0
OysterVPN,EU,30900,WEBWORLD-AS ta Web World Ireland,1,1,1,1,95.0
OysterVPN,FL,136258,"ONEPROVIDER-AS BrainStorm Network, Inc",1,1,1,1,95.0
OysterVPN,FR,136258,"ONEPROVIDER-AS BrainStorm Network, Inc",1,1,1,1,95.0
OysterVPN,GB,136258,"ONEPROVIDER-AS BrainStorm Network, Inc",1,1,1,1,95.0
OysterVPN,HK,133752,LEASEWEB-APAC-HKG-10 LEASEWEB HONG KONG LIMITED,1,1,1,1,95.0
OysterVPN,IT,136258,"ONEPROVIDER-AS BrainStorm Network, Inc",1,1,1,1,95.0
OysterVPN,JP,136258,"ONEPROVIDER-AS BrainStorm Network, Inc",1,1,1,1,95.0
OysterVPN,KR,138915,KAOPU-HK Kaopu Cloud HK Limited,1,1,1,1,95.0
OysterVPN,MY,136258,"ONEPROVIDER-AS BrainStorm Network, Inc",1,1,1,1,95.0
OysterVPN,NA,136258,"ONEPROVIDER-AS BrainStorm Network, Inc",1,1,1,1,95.0
OysterVPN,NL,136258,"ONEPROVIDER-AS BrainStorm Network, Inc",1,1,1,1,95.0
OysterVPN,NL,14061,DIGITALOCEAN-ASN,1,1,1,1,95.0
OysterVPN,PH,138915,KAOPU-HK Kaopu Cloud HK Limited,1,1,1,1,95.0
OysterVPN,PK,136258,"ONEPROVIDER-AS BrainStorm Network, Inc",1,1,1,1,95.0
OysterVPN,PL,136258,"ONEPROVIDER-AS BrainStorm Network, Inc",1,1,1,1,95.0
OysterVPN,PT,136258,"ONEPROVIDER-AS BrainStorm Network, Inc",1,1,1,1,95.0
OysterVPN,RU,136258,"ONEPROVIDER-AS BrainStorm Network, Inc",1,1,1,1,95.0
OysterVPN,SA,138915,KAOPU-HK Kaopu Cloud HK Limited,1,1,1,1,95.0
OysterVPN,SE,136258,"ONEPROVIDER-AS BrainStorm Network, Inc",1,1,1,1,95.0
OysterVPN,SG,136258,"ONEPROVIDER-AS BrainStorm Network, Inc",1,1,1,1,95.0
OysterVPN,TH,138915,KAOPU-HK Kaopu Cloud HK Limited,1,1,1,1,95.0
OysterVPN,TR,206991,IXIR,1,1,1,1,95.0
OysterVPN,TW,136258,"ONEPROVIDER-AS BrainStorm Network, Inc",1,1,1,1,95.0
OysterVPN,UA,136258,"ONEPROVIDER-AS BrainStorm Network, Inc",1,1,1,1,95.0
OysterVPN,UK,138915,KAOPU-HK Kaopu Cloud HK Limited,1,1,1,1,95.0
OysterVPN,US,395954,LEASEWEB-USA-LAX,1,1,1,1,95.0
OysterVPN,US,40676,AS40676 - Psychz Networks,1,1,1,1,95.0
OysterVPN,VN,136258,"ONEPROVIDER-AS BrainStorm Network, Inc",1,1,1,1,95.0
OysterVPN,VN,138915,KAOPU-HK Kaopu Cloud HK Limited,1,1,1,1,95.0
PhantomPeer,CH,29691,NINE,1,1,1,1,88.0
PhantomPeer,RO,9009,M247,1,1,1,1,88.0
PhantomPeer,SE,42708,GLESYS glesys.com,1,1,1,1,88.0
Privado,RO,9009,M247,1,1,1,1,95.0
Private Internet Access,CA,9009,M247,1,1,1,1,95.0
Private Internet Access,IN,0,,1,1,1,1,95.0
Private Internet Access,UK,60068,CDN77 _,1,1,1,1,95.0
Private Internet Access,US,4213,EVOCATIVE-GLOBAL,1,1,1,1,95.0
Private Internet Access,US,46475,LIMESTONENETWORKS,1,1,1,1,95.0
PrivateVPN,AE,9009,M247,1,1,1,1,95.0
PrivateVPN,AR,18747,IFX18747,1,1,1,1,95.0
PrivateVPN,AT,9009,M247,1,1,1,1,95.0
PrivateVPN,AU,60068,CDN77 _,1,1,1,1,95.0
PrivateVPN,BE,9009,M247,1,1,1,1,95.0
PrivateVPN,BG,9009,M247,1,1,1,1,95.0
PrivateVPN,BR,268581,QNAX LTDA,1,1,1,1,95.0
PrivateVPN,CA,11831,ESECUREDATA,1,1,1,1,95.0
PrivateVPN,CL,18747,IFX18747,1,1,1,1,95.0
PrivateVPN,CR,3790,RADIOGRAFICA COSTARRICENSE,1,1,1,1,95.0
PrivateVPN,CY,197648,CL8ASN1,1,1,1,1,88.0
PrivateVPN,CY,6866,CYTA-NETWORK Internet Services,1,1,1,1,95.0
PrivateVPN,CZ,9009,M247,1,1,1,1,95.0
PrivateVPN,DE,207821,INTERNETBOLAGET-DE,1,1,1,1,95.0
PrivateVPN,EE,202759,FAIRYHOSTING,1,1,1,1,88.0
PrivateVPN,FI,16302,SUOMICOMMUNICATIONS,1,1,1,1,88.0
PrivateVPN,GB,25369,BANDWIDTH-AS,1,1,1,1,95.0
PrivateVPN,GB,9009,M247,1,1,1,1,95.0
PrivateVPN,GR,60068,CDN77 _,1,1,1,1,95.0
PrivateVPN,HK,60068,CDN77 _,1,1,1,1,95.0
PrivateVPN,HR,29485,AMIS,1,1,1,1,95.0
PrivateVPN,HU,9009,M247,1,1,1,1,95.0
PrivateVPN,ID,21859,ZEN-ECN,1,1,1,1,95.0
PrivateVPN,IE,9009,M247,1,1,1,1,95.0
PrivateVPN,IL,199524,GCORE,1,1,1,1,88.0
PrivateVPN,IM,24851,UK-NETCETERA Netcetera Autonomous System Peers,1,1,1,1,95.0
PrivateVPN,IS,50613,THORDC-AS,1,1,1,1,95.0
PrivateVPN,KR,199524,GCORE,1,1,1,1,95.0
PrivateVPN,LT,212531,INTERNETO-VIZIJA,1,1,1,1,95.0
PrivateVPN,LU,199524,GCORE,1,1,1,1,88.0
PrivateVPN,LV,20910,BALTKOM-AS,1,1,1,1,95.0
PrivateVPN,MD,43289,TRABIA,1,1,1,1,95.0
PrivateVPN,MT,200805,MELITACABLE,1,1,1,1,95.0
PrivateVPN,MX,18747,IFX18747,1,1,1,1,95.0
PrivateVPN,MY,21859,ZEN-ECN,1,1,1,1,95.0
PrivateVPN,NZ,136557,HOST-AS-AP Host Universal Pty Ltd,1,1,1,1,95.0
PrivateVPN,PA,18747,IFX18747,1,1,1,1,95.0
PrivateVPN,PE,22411,GTD PERU S.A,1,1,1,1,95.0
PrivateVPN,PH,21859,ZEN-ECN,1,1,1,1,95.0
PrivateVPN,PT,24768,ALMOUROLTEC,1,1,1,1,95.0
PrivateVPN,RO,9009,M247,1,1,1,1,95.0
PrivateVPN,RS,9009,M247,1,1,1,1,95.0
PrivateVPN,SE,204302,AUTO1-RIPE,1,1,1,1,95.0
PrivateVPN,SG,60068,CDN77 _,1,1,1,1,95.0
PrivateVPN,SK,201924,LERTAS-AS,1,1,1,1,95.0
PrivateVPN,TH,58955,"BANGMODENTERPRISE-TH Bangmod Enterprise Co., Ltd.",1,1,1,1,95.0
PrivateVPN,TR,202422,GHOST,1,1,1,1,95.0
PrivateVPN,TW,9678,HOSTINGINSIDE HostingInside LTD.,1,1,1,1,95.0
PrivateVPN,UA,3236,SERVER server.ua,1,1,1,1,95.0
PrivateVPN,US,18747,IFX18747,1,1,1,1,95.0
PrivateVPN,US,21859,ZEN-ECN,1,1,1,1,88.0
PrivateVPN,US,7979,SERVERS-COM,1,1,1,1,95.0
PrivateVPN,VN,24085,QTSC-AS-VN Quang Trung Software City Development Company,1,1,1,1,95.0
ProtonVPN,AU,137409,GSLNETWORKS-AS-AP GSL Networks Pty LTD,1,1,1,1,95.0
ProtonVPN,BA,200698,GLOBALHOST-BOSNIA-AS,1,1,1,1,95.0
ProtonVPN,CA,32489,AMANAHA-NEW,1,1,1,1,95.0
ProtonVPN,CY,35432,CABLENET-AS,1,1,1,1,95.0
ProtonVPN,EU,1257,TELE2,1,1,1,1,95.0
ProtonVPN,FI,51765,CREANOVA-AS Oy Creanova Hosting Solutions Ltd.,1,1,1,1,95.0
ProtonVPN,GB,58065,PACKETEXCHANGE,1,1,1,1,95.0
ProtonVPN,HR,12417,DHH-AS,1,1,1,1,95.0
ProtonVPN,ID,137373,IDNIC-SUITEN-AS-ID PT. SUITEN INOVASI SUKSES,1,1,1,1,95.0
ProtonVPN,IN,203020,HOSTROYALE,1,1,1,1,95.0
ProtonVPN,JP,4785,XTOM-AS-JP xTom,1,1,1,1,95.0
ProtonVPN,LT,61272,IST-AS,1,1,1,1,95.0
ProtonVPN,MD,39798,MIVOCLOUD,1,1,1,1,95.0
ProtonVPN,MK,200899,INTERSPACE-EUROPE,1,1,1,1,95.0
ProtonVPN,NL,51430,ALTUS,1,1,1,1,95.0
ProtonVPN,PS,12975,PALTEL-AS PALTEL Autonomous System,1,1,1,1,95.0
ProtonVPN,SC,37518,FIBERGRID,1,1,1,1,95.0
ProtonVPN,SE,8473,BAHNHOF,1,1,1,1,95.0
ProtonVPN,TW,9678,HOSTINGINSIDE HostingInside LTD.,1,1,1,1,95.0
ProtonVPN,US,46475,LIMESTONENETWORKS,1,1,1,1,95.0
ProtonVPN,US,939,USA-2022,1,1,1,1,95.0
Proxpn,CH,29691,NINE,1,1,1,1,78.0
Proxpn,CR,3790,RADIOGRAFICA COSTARRICENSE,1,1,1,1,78.0
Proxpn,HK,133752,LEASEWEB-APAC-HKG-10 LEASEWEB HONG KONG LIMITED,1,1,1,1,78.0
Proxpn,IS,50613,THORDC-AS,1,1,1,1,78.0
PureVPN,AU,133480,INT-5GN-AS-AP 5G NETWORK OPERATIONS PTY LTD,1,1,1,1,88.0
PureVPN,GB,213790,LIMITEDNETWORK-AS,1,1,1,1,88.0
PureVPN,US,30633,LEASEWEB-USA-WDC,1,1,1,1,88.0
PureVPN,US,393886,LEASEWEB-USA-MIA,1,1,1,1,88.0
RedShield VPN,CA,62563,AS-GLOBALTELEHOST,1,1,1,1,95.0
RedShield VPN,FI,51765,CREANOVA-AS Oy Creanova Hosting Solutions Ltd.,1,1,1,1,95.0
RedShield VPN,TH,58955,"BANGMODENTERPRISE-TH Bangmod Enterprise Co., Ltd.",1,1,1,1,95.0
RedShield VPN,TR,207459,AS-TEKNOSOS-INT,1,1,1,1,95.0
Riseup VPN,US,4224,CALYX-AS,1,1,1,1,95.0
Safervpn,CH,29691,NINE,1,1,1,1,78.0
Safervpn,CY,197648,CL8ASN1,1,1,1,1,78.0
Safervpn,ES,39020,COMVIVE-AS Seville - Spain,1,1,1,1,78.0
Safervpn,FI,202053,UPCLOUD,1,1,1,1,78.0
Safervpn,FR,12876,Online SAS,1,1,1,1,78.0
Safervpn,GB,20860,IOMART-AS,1,1,1,1,78.0
Safervpn,HK,133752,LEASEWEB-APAC-HKG-10 LEASEWEB HONG KONG LIMITED,1,1,1,1,78.0
Safervpn,HU,210772,NEWPUSH,1,1,1,1,78.0
Safervpn,IL,1680,NV-ASN CELLCOM ltd.,1,1,1,1,78.0
Safervpn,NL,51430,ALTUS,1,1,1,1,78.0
Safervpn,NL,60404,LITESERVER,1,1,1,1,78.0
Safervpn,NO,34989,SERVETHEWORLD-AS,1,1,1,1,78.0
Safervpn,PT,204094,I4W,1,1,1,1,78.0
Safervpn,RO,9009,M247,1,1,1,1,78.0
Safervpn,TH,23884,PROENNET-AS Proen Corp Public Company Limited.,1,1,1,1,78.0
Safervpn,US,27257,WEBAIR-INTERNET,1,1,1,1,78.0
Safervpn,US,27323,SERVERSTADIUM,1,1,1,1,78.0
Safervpn,US,61138,ZAPPIE-HOST-AS Zappie Host,1,1,1,1,78.0
Safervpn,ZA,37153,xneelo,1,1,1,1,78.0
Sentinel dVPN,AE,211273,-Reserved AS-,1,1,1,1,95.0
Sentinel dVPN,AE,216382,LAYER,1,1,1,1,95.0
Sentinel dVPN,AL,213900,RS,1,1,1,1,95.0
Sentinel dVPN,AR,27879,Informatica y Telecomunicaciones S.A.,1,1,1,1,95.0
Sentinel dVPN,AT,40994,"ALWYZON Alwyzon, a trading name of Hohl IT e.U.",1,1,1,1,95.0
Sentinel dVPN,AU,133159,MAMMOTHMEDIA-AS-AP Mammoth Media Pty Ltd,1,1,1,1,95.0
Sentinel dVPN,AU,133480,INT-5GN-AS-AP 5G NETWORK OPERATIONS PTY LTD,1,1,1,1,95.0
Sentinel dVPN,AU,142064,VERGETEL1-AS-AP VERGETEL,1,1,1,1,95.0
Sentinel dVPN,BG,203380,DAINTERNATIONALGROUP,1,1,1,1,95.0
Sentinel dVPN,CA,26832,RICAWEBSERVICES,1,1,1,1,95.0
Sentinel dVPN,CA,32613,IWEB-AS,1,1,1,1,95.0
Sentinel dVPN,CA,401665,HOSTBILBY,1,1,1,1,95.0
Sentinel dVPN,CA,62563,AS-GLOBALTELEHOST,1,1,1,1,95.0
Sentinel dVPN,CL,270013,J AND J SPA INFOFRACTAL,1,1,1,1,95.0
Sentinel dVPN,CN,198588,TUNGSTEN,1,1,1,1,95.0
Sentinel dVPN,CN,210634,YESONGIT,1,1,1,1,95.0
Sentinel dVPN,CR,52423,Data Miners S.A.  Racknation.cr,1,1,1,1,95.0
Sentinel dVPN,CZ,24971,MASTER-AS Czech Republic  www.master.cz,1,1,1,1,95.0
Sentinel dVPN,CZ,8251,NFX_ZSPO,1,1,1,1,95.0
Sentinel dVPN,DE,197540,NETCUP-AS netcup GmbH,1,1,1,1,95.0
Sentinel dVPN,DE,215859,HETZNER-CLOUD4-AS,1,1,1,1,95.0
Sentinel dVPN,DE,24961,MYLOC-AS IP Backbone of WIIT AG formerly myLoc managed IT AG,1,1,1,1,95.0
Sentinel dVPN,DE,47447,TTM,1,1,1,1,95.0
Sentinel dVPN,DE,48314,IP-PROJECTS,1,1,1,1,95.0
Sentinel dVPN,DE,51202,NUXOA,1,1,1,1,95.0
Sentinel dVPN,DK,44803,WEBDOCK-AS,1,1,1,1,95.0
Sentinel dVPN,EE,207083,HOSTSLIM-GLOBAL-NETWORK,1,1,1,1,95.0
Sentinel dVPN,ES,41608,NEXTGENWEBS-NL,1,1,1,1,95.0
Sentinel dVPN,FR,29447,TIF-AS Iliad Italia S.p.A,1,1,1,1,95.0
Sentinel dVPN,FR,3215,France Telecom - Orange,1,1,1,1,95.0
Sentinel dVPN,FR,5410,BOUYGTEL-ISP,1,1,1,1,95.0
Sentinel dVPN,GB,203363,KUROIT Kuroit Limited,1,1,1,1,95.0
Sentinel dVPN,GB,203758,AARONSMITH-AS,1,1,1,1,95.0
Sentinel dVPN,GB,204044,ONLYSERVERS Dedicated Server Hosting Provider,1,1,1,1,95.0
Sentinel dVPN,GB,205090,FIRST-SERVER-EUROPE,1,1,1,1,95.0
Sentinel dVPN,GB,209243,QUICKHOSTUK,1,1,1,1,95.0
Sentinel dVPN,GB,212027,PEBBLEHOST,1,1,1,1,95.0
Sentinel dVPN,GB,215089,FASTPANDA,1,1,1,1,95.0
Sentinel dVPN,GB,5607,BSKYB-BROADBAND-AS,1,1,1,1,95.0
Sentinel dVPN,GE,16010,MAGTICOMAS Magticom,1,1,1,1,95.0
Sentinel dVPN,HK,133752,LEASEWEB-APAC-HKG-10 LEASEWEB HONG KONG LIMITED,1,1,1,1,95.0
Sentinel dVPN,HK,151407,HNSL-AS-AP Hytron Network Services Limited,1,1,1,1,95.0
Sentinel dVPN,HK,154177,LIGHT4-AS-AP LIGHT NODE LIMITED,1,1,1,1,95.0
Sentinel dVPN,HK,4760,HKTIMS-AP HKT Limited,1,1,1,1,95.0
Sentinel dVPN,HK,7489,HOSTUS-GLOBAL-AS HostUS,1,1,1,1,95.0
Sentinel dVPN,HK,9269,HKBN-AS-AP Hong Kong Broadband Network Ltd.,1,1,1,1,95.0
Sentinel dVPN,ID,133800,IDNIC-BIZNETGIO-AS-ID PT Biznet Gio Nusantara,1,1,1,1,95.0
Sentinel dVPN,ID,140443,IDNIC-HERZA-AS-ID PT Herza Digital Indonesia,1,1,1,1,95.0
Sentinel dVPN,IL,44709,CLOUDWEBMANAGE-,1,1,1,1,95.0
Sentinel dVPN,IN,152565,JOYSVC-AS-IN JOY SERVICES,1,1,1,1,95.0
Sentinel dVPN,IS,44925,THE-1984-AS,1,1,1,1,95.0
Sentinel dVPN,IS,50613,THORDC-AS,1,1,1,1,95.0
Sentinel dVPN,IT,213791,XENIAHOSTING,1,1,1,1,95.0
Sentinel dVPN,IT,30722,VODAFONE-IT-ASN,1,1,1,1,95.0
Sentinel dVPN,JM,33576,DIG001,1,1,1,1,95.0
Sentinel dVPN,JO,9038,BAT-AS9038,1,1,1,1,95.0
Sentinel dVPN,MY,137552,TTSB-AS-AP Terabix,1,1,1,1,95.0
Sentinel dVPN,MY,149440,EVOXTENTERPRISE-AS-AP Evoxt Enterprise,1,1,1,1,95.0
Sentinel dVPN,MY,154376,CLOUDVALLEY-AS-AP Cloudvalley Sdn. Bhd.,1,1,1,1,95.0
Sentinel dVPN,NL,210429,HIZAKURA-,1,1,1,1,95.0
Sentinel dVPN,NL,214668,AXUSHOST,1,1,1,1,95.0
Sentinel dVPN,NL,214970,STREADER,1,1,1,1,95.0
Sentinel dVPN,NL,33915,TNF-AS,1,1,1,1,95.0
Sentinel dVPN,NL,57043,HOSTKEY-AS,1,1,1,1,95.0
Sentinel dVPN,NL,57717,FBX-AS,1,1,1,1,95.0
Sentinel dVPN,NZ,9790,TWO-DEGREES-AS-AP Two Degrees Networks Limited,1,1,1,1,95.0
Sentinel dVPN,PL,5617,TPNET,1,1,1,1,95.0
Sentinel dVPN,PT,209874,TECHTIDE,1,1,1,1,95.0
Sentinel dVPN,PT,24768,ALMOUROLTEC,1,1,1,1,95.0
Sentinel dVPN,RO,39347,SELL-AS Orasul Navodari - Primaria Navodari,1,1,1,1,95.0
Sentinel dVPN,RO,8708,RCS-RDS 73-75 Dr. Staicovici,1,1,1,1,95.0
Sentinel dVPN,SC,213438,COLOCATEL-INC Colocatel Network - High Bandwidth Dedicated Servers,1,1,1,1,95.0
Sentinel dVPN,SE,214640,HOSTUP HOSTUP,1,1,1,1,95.0
Sentinel dVPN,SE,49770,INTERNETPORT-AS,1,1,1,1,95.0
Sentinel dVPN,SE,8434,TELENOR-SE Telenor Sverige AB,1,1,1,1,95.0
Sentinel dVPN,TH,9931,"CAT-AP The Communication Authoity of Thailand, CAT",1,1,1,1,95.0
Sentinel dVPN,TR,12735,ASTURKNET,1,1,1,1,95.0
Sentinel dVPN,TR,62425,KUZEYDC,1,1,1,1,95.0
Sentinel dVPN,UA,42655,BESTHOSTING-AS,1,1,1,1,95.0
Sentinel dVPN,UA,48031,XSERVERCLOUD,1,1,1,1,95.0
Sentinel dVPN,US,14061,DIGITALOCEAN-ASN,1,1,1,1,95.0
Sentinel dVPN,US,14956,ROUTERHOSTING,1,1,1,1,95.0
Sentinel dVPN,US,174,COGENT-174,1,1,1,1,95.0
Sentinel dVPN,US,19318,IS-AS-1,1,1,1,1,95.0
Sentinel dVPN,US,214483,FIBERPOWER-AS,1,1,1,1,95.0
Sentinel dVPN,US,36530,FUTURE-LAIN,1,1,1,1,95.0
Sentinel dVPN,US,44382,WHITELABEL,1,1,1,1,95.0
Sentinel dVPN,US,46844,SHARKTECH,1,1,1,1,95.0
Sentinel dVPN,US,63023,AS-GLOBALTELEHOST,1,1,1,1,95.0
Sentinel dVPN,US,701,UUNET,1,1,1,1,95.0
Sentinel dVPN,US,7018,ATT-INTERNET4,1,1,1,1,95.0
Sentinel dVPN,VN,18403,FPT-AS-AP FPT Telecom Company,1,1,1,1,95.0
Sentinel dVPN,ZA,328364,Host-Africa-AS,1,1,1,1,95.0
Sentinel dVPN,ZA,37153,xneelo,1,1,1,1,95.0
SlickVPN,AT,57169,EDIS-AS-EU,1,1,1,1,88.0
SlickVPN,SG,63949,AKAMAI-LINODE-AP Akamai Connected Cloud,1,1,1,1,88.0
SlickVPN,US,10297,ENET-2,1,1,1,1,88.0
SlickVPN,US,23470,RELIABLESITE,1,1,1,1,88.0
SlickVPN,US,33083,AXCELX-NET,1,1,1,1,88.0
SlickVPN,US,33387,NOCIX,1,1,1,1,88.0
SlickVPN,US,40156,THEOPT-HOU,1,1,1,1,88.0
SlickVPN,US,46261,QUICKPACKET,1,1,1,1,88.0
SlickVPN,US,6428,CDM,1,1,1,1,88.0
SmartVPN,CH,29691,NINE,1,1,1,1,88.0
SmartVPN,ES,39020,COMVIVE-AS Seville - Spain,1,1,1,1,88.0
SmartVPN,FR,12876,Online SAS,1,1,1,1,88.0
SmartVPN,IL,61102,INTERHOST,1,1,1,1,88.0
SmartVPN,SE,42708,GLESYS glesys.com,1,1,1,1,88.0
SmartVPN,SI,48894,OPTIMUS-AS,1,1,1,1,88.0
Smartdnsproxy,AT,57169,EDIS-AS-EU,1,1,1,1,78.0
Smartdnsproxy,CA,32489,AMANAHA-NEW,1,1,1,1,78.0
Smartdnsproxy,DK,30736,ASERGO-AS,1,1,1,1,78.0
Smartdnsproxy,GB,20860,IOMART-AS,1,1,1,1,78.0
Smartdnsproxy,GB,212238,CDNEXT,1,1,1,1,78.0
Smartdnsproxy,GR,47521,IPHOST .GR IpDomain,1,1,1,1,78.0
Smartdnsproxy,IT,49367,ASSEFLOW,1,1,1,1,78.0
Smartdnsproxy,NO,34989,SERVETHEWORLD-AS,1,1,1,1,78.0
Smartdnsproxy,PA,51852,PLI-AS,1,1,1,1,78.0
Smartdnsproxy,SE,42708,GLESYS glesys.com,1,1,1,1,78.0
Smartdnsproxy,TR,49334,SH-COM-,1,1,1,1,78.0
Smartdnsproxy,US,40676,AS40676 - Psychz Networks,1,1,1,1,78.0
Smartdnsproxy,US,6364,ATLANTIC-NET-1,1,1,1,1,78.0
SotaVPN,LV,42532,VEESP-LV-AS,1,1,1,1,95.0
SotaVPN,NL,60404,LITESERVER,1,1,1,1,95.0
StrongVPN,FI,51765,CREANOVA-AS Oy Creanova Hosting Solutions Ltd.,1,1,1,1,80.0
StrongVPN,US,396356,LATITUDE-SH,1,1,1,1,95.0
StrongVPN,US,46562,PERFORMIVE,1,1,1,1,80.0
Surfshark,AT,212238,CDNEXT,1,1,1,1,95.0
Surfshark,AU,212238,CDNEXT,1,1,1,1,95.0
Surfshark,BG,212238,CDNEXT,1,1,1,1,95.0
Surfshark,BG,9009,M247,1,1,1,1,95.0
Surfshark,BR,203020,HOSTROYALE,1,1,1,1,95.0
Surfshark,BR,9009,M247,1,1,1,1,95.0
Surfshark,CA,209854,CYBERZONEHUB,1,1,1,1,95.0
Surfshark,CA,9009,M247,1,1,1,1,95.0
Surfshark,CH,25369,BANDWIDTH-AS,1,1,1,1,95.0
Surfshark,CH,60068,CDN77 _,1,1,1,1,95.0
Surfshark,CZ,60068,CDN77 _,1,1,1,1,95.0
Surfshark,CZ,9009,M247,1,1,1,1,95.0
Surfshark,DE,212238,CDNEXT,1,1,1,1,95.0
Surfshark,DE,9009,M247,1,1,1,1,95.0
Surfshark,ES,209854,CYBERZONEHUB,1,1,1,1,95.0
Surfshark,FR,203020,HOSTROYALE,1,1,1,1,95.0
Surfshark,FR,212238,CDNEXT,1,1,1,1,95.0
Surfshark,HK,209854,CYBERZONEHUB,1,1,1,1,95.0
Surfshark,HK,212238,CDNEXT,1,1,1,1,95.0
Surfshark,IE,212238,CDNEXT,1,1,1,1,95.0
Surfshark,IE,9009,M247,1,1,1,1,95.0
Surfshark,JP,212238,CDNEXT,1,1,1,1,95.0
Surfshark,JP,60068,CDN77 _,1,1,1,1,95.0
Surfshark,KR,209854,CYBERZONEHUB,1,1,1,1,95.0
Surfshark,KR,45382,EHOSTIDC-AS-KR Hostcenter,1,1,1,1,95.0
Surfshark,LK,209854,CYBERZONEHUB,1,1,1,1,95.0
Surfshark,MX,212238,CDNEXT,1,1,1,1,95.0
Surfshark,MX,396356,LATITUDE-SH,1,1,1,1,95.0
Surfshark,MY,209854,CYBERZONEHUB,1,1,1,1,95.0
Surfshark,MY,212238,CDNEXT,1,1,1,1,95.0
Surfshark,NL,25369,BANDWIDTH-AS,1,1,1,1,95.0
Surfshark,NL,9009,M247,1,1,1,1,95.0
Surfshark,PT,203020,HOSTROYALE,1,1,1,1,95.0
Surfshark,PT,212238,CDNEXT,1,1,1,1,95.0
Surfshark,RO,212238,CDNEXT,1,1,1,1,95.0
Surfshark,SG,212238,CDNEXT,1,1,1,1,95.0
Surfshark,SG,60068,CDN77 _,1,1,1,1,95.0
Surfshark,UK,62240,CLOUVIDER Clouvider - Global ASN,1,1,1,1,95.0
Surfshark,US,20278,NEXEON,1,1,1,1,95.0
Surfshark,US,207990,HR-CUSTOMER,1,1,1,1,95.0
Surfshark,US,36352,AS-COLOCROSSING,1,1,1,1,95.0
SwitchVPN,AT,57169,EDIS-AS-EU,1,1,1,1,88.0
SwitchVPN,BE,42160,LCPDCO LCP AS dc oostkamp,1,1,1,1,88.0
SwitchVPN,CH,15547,NETPLUS,1,1,1,1,88.0
SwitchVPN,CZ,24806,"INTERNET-CZ Ktis 2, 384 03 Ktis",1,1,1,1,88.0
SwitchVPN,FR,16276,OVH,1,1,1,1,88.0
SwitchVPN,GB,42237,W1N,1,1,1,1,88.0
SwitchVPN,IN,203020,HOSTROYALE,1,1,1,1,88.0
SwitchVPN,KR,45382,EHOSTIDC-AS-KR Hostcenter,1,1,1,1,88.0
SwitchVPN,MY,55720,GIGABIT-MY Gigabit Hosting Sdn Bhd,1,1,1,1,88.0
SwitchVPN,NO,50304,BLIX,1,1,1,1,88.0
SwitchVPN,SG,138199,TRANSATEL1-AS-AP Transatel,1,1,1,1,88.0
SwitchVPN,US,36352,AS-COLOCROSSING,1,1,1,1,88.0
SwitchVPN,US,53755,IOFLOOD,1,1,1,1,88.0
SwitchVPN,US,61317,ASDETUK www.heficed.com,1,1,1,1,88.0
SwitchVPN,US,7979,SERVERS-COM,1,1,1,1,88.0
Trust.Zone,AL,197706,"KEMINET A datacenter located in TiranaAlbania. Webhosting, Dedicated Servers, VPS, IPv4IPv6 leasing",1,1,1,1,70.0
Trust.Zone,AU,133480,INT-5GN-AS-AP 5G NETWORK OPERATIONS PTY LTD,1,1,1,1,70.0
Trust.Zone,IL,206446,CLOUDLEASE,1,1,1,1,70.0
Trust.Zone,PL,197155,ARTNET,1,1,1,1,70.0
Trust.Zone,SC,206264,AMARUTU-TECHNOLOGY,1,1,1,1,70.0
Trust.Zone,TR,42926,RADORE,1,1,1,1,70.0
Trust.Zone,UA,3236,SERVER server.ua,1,1,1,1,70.0
Trust.Zone,UA,6698,VIRTUALSYSTEMS,1,1,1,1,70.0
Trust.Zone,US,14061,DIGITALOCEAN-ASN,1,1,1,1,70.0
Trust.Zone,US,50979,ITL-LV,1,1,1,1,70.0
Trust.Zone,US,61317,ASDETUK www.heficed.com,1,1,1,1,70.0
TunnelBear,CA,136258,"ONEPROVIDER-AS BrainStorm Network, Inc",1,1,1,1,95.0
TunnelBear,IT,49367,ASSEFLOW,1,1,1,1,95.0
VPN Gate,EU,1257,TELE2,1,1,1,1,78.0
VPN Gate,JP,17506,UCOM ARTERIA Networks Corporation,1,1,1,1,78.0
VPN Gate,JP,17511,OPTAGE OPTAGE Inc.,1,1,1,1,78.0
VPN Gate,JP,23778,"CANET IMIZU CABLE NETWORK CO.,LTD.",1,1,1,1,78.0
VPN Gate,JP,2497,IIJ Internet Initiative Japan Inc.,1,1,1,1,78.0
VPN Gate,JP,9605,"DOCOMO NTT DOCOMO, INC.",1,1,1,1,78.0
VPN Gate,KR,10066,GAYANET-AS-KR LG HelloVision Corp.,1,1,1,1,78.0
VPN Gate,KR,17583,KCNNET-AS-KR Keumgang Cable Network,1,1,1,1,78.0
VPN Gate,KR,17858,POWERVIS-AS-KR LG POWERCOMM,1,1,1,1,78.0
VPN Gate,KR,17864,SKB-TBROAD_HANVIT-AS-KR SK Broadband Co Ltd,1,1,1,1,78.0
VPN Gate,KR,23578,SKB-NAMDONGNET-AS-KR SK Broadband Co Ltd,1,1,1,1,78.0
VPN Gate,KR,38673,KCTVNET-AS-KR Korea Cable TV Kwangju Broadcasting,1,1,1,1,78.0
VPN Gate,KR,38680,CMBHK-AS-KR CMB,1,1,1,1,78.0
VPN Gate,LA,131267,UNITEL-LA Star Telecom,1,1,1,1,78.0
VPN Gate,RO,9009,M247,1,1,1,1,78.0
VPN Gate,RU,12389,ROSTELECOM-AS PJSC Rostelecom. Technical Team,1,1,1,1,78.0
VPN Gate,RU,41349,MVMTECH-AS,1,1,1,1,78.0
VPN Gate,RU,8749,"REDCOM-AS Redcom, Khabarovsk, Russia",1,1,1,1,78.0
VPN Gate,TH,23969,TOT-NET TOT Public Company Limited,1,1,1,1,78.0
VPN Gate,UA,59478,IPSERVICE-AS,1,1,1,1,78.0
VPN Gate,US,11232,MIDCO-NET,1,1,1,1,78.0
VPN Gate,VN,7552,VIETEL-AS-AP Viettel Group,1,1,1,1,78.0
VPN Jantit,BG,59711,HZ-EU-AS,1,1,1,1,88.0
VPN Jantit,CN,37963,"ALIBABA-CN-NET Hangzhou Alibaba Advertising Co.,Ltd.",1,1,1,1,88.0
VPN Jantit,EE,42474,IL,1,1,1,1,88.0
VPN Jantit,EE,62212,AS62212,1,1,1,1,88.0
VPN Jantit,FR,12876,Online SAS,1,1,1,1,88.0
VPN Jantit,GB,207569,I-SERVERS-NORTH-EU to AS51765 announce AS207569,1,1,1,1,88.0
VPN Jantit,GB,49683,MASSIVEGRID,1,1,1,1,88.0
VPN Jantit,HU,56322,SERVERASTRA-AS,1,1,1,1,88.0
VPN Jantit,LU,202422,GHOST,1,1,1,1,88.0
VPN Jantit,MD,56380,AS-ITFRUIT,1,1,1,1,88.0
VPN Jantit,RO,41111,AS-GEOHOSTING,1,1,1,1,88.0
VPN Jantit,SG,59364,VHOST-HOLDINGS-SG vHost Holdings Pte Ltd,1,1,1,1,88.0
VPN Jantit,TH,9335,CAT-CLOUD-AP CAT Telecom Public Company Limited,1,1,1,1,88.0
VPN Jantit,TR,203576,INTERNETBILISIM,1,1,1,1,88.0
VPN Jantit,US,21100,ITLDC-EU,1,1,1,1,88.0
VPN Jantit,US,216475,NKTELECOM,1,1,1,1,88.0
VPN Jantit,US,36352,AS-COLOCROSSING,1,1,1,1,88.0
VPN Jantit,US,53667,PONYNET,1,1,1,1,88.0
VPN Jantit,US,8254,ROUTE95,1,1,1,1,88.0
VPN Jantit,ZA,328364,Host-Africa-AS,1,1,1,1,88.0
VPN Jantit,ZA,329184,Host-Africa-AS2,1,1,1,1,88.0
VPN Unlimited,UA,48031,XSERVERCLOUD,1,1,1,1,70.0
VPN Unlimited,US,174,COGENT-174,1,1,1,1,70.0
VPN Unlimited,US,27323,SERVERSTADIUM,1,1,1,1,70.0
VPN Unlimited,US,7203,LEASEWEB-USA-SFO,1,1,1,1,70.0
VPN Unlimited,ZA,37153,xneelo,1,1,1,1,70.0
VPN.ac,DE,30083,AS-30083-US-VELIA-NET,1,1,1,1,95.0
VPN.ac,GB,13213,UK2NET-AS,1,1,1,1,95.0
VPN.ac,GB,205544,LEASEWEB-UK-LON-11,1,1,1,1,95.0
VPN.ac,IT,0,,1,1,1,1,95.0
VPN.ac,LT,16125,CHERRYSERVERS1-AS,1,1,1,1,95.0
VPN.ac,NO,34989,SERVETHEWORLD-AS,1,1,1,1,95.0
VPN.ac,PA,51852,PLI-AS,1,1,1,1,95.0
VPN.ac,PT,24768,ALMOUROLTEC,1,1,1,1,95.0
VPN.ac,US,30475,WEHOSTWEBSITES-COM,1,1,1,1,95.0
VPN.ac,US,61317,ASDETUK www.heficed.com,1,1,1,1,95.0
VPNObratno,RU,34533,ESAMARA-AS,1,1,1,1,88.0
VPNObratno,RU,41843,ERTH-OMSK-AS,1,1,1,1,88.0
VPNObratno,RU,48327,RAY-AS,1,1,1,1,88.0
VPNObratno,RU,59815,TRINITY-AS,1,1,1,1,88.0
VPNSecure,GB,199404,WHG-IN,1,1,1,1,88.0
VPNSecure,GB,215089,FASTPANDA,1,1,1,1,88.0
VPNSecure,GB,60800,NHL-AS1,1,1,1,1,88.0
VPNSecure,HK,133752,LEASEWEB-APAC-HKG-10 LEASEWEB HONG KONG LIMITED,1,1,1,1,88.0
VPNSecure,IL,44709,CLOUDWEBMANAGE-,1,1,1,1,88.0
VPNSecure,LV,59615,SERVERUM-AS,1,1,1,1,88.0
VPNSecure,SE,8473,BAHNHOF,1,1,1,1,88.0
VPNSecure,US,210329,CLOUDWEBMANAGE-UK-1,1,1,1,1,88.0
VPNUK,DE,24961,MYLOC-AS IP Backbone of WIIT AG formerly myLoc managed IT AG,1,1,1,1,95.0
VPNUK,DE,28753,LEASEWEB-DE-FRA-10,1,1,1,1,70.0
VPNUK,ES,39020,COMVIVE-AS Seville - Spain,1,1,1,1,70.0
VPNUK,GB,21130,IOMART-IE,1,1,1,1,70.0
VPNUK,HK,133752,LEASEWEB-APAC-HKG-10 LEASEWEB HONG KONG LIMITED,1,1,1,1,95.0
VPNUK,IE,30900,WEBWORLD-AS ta Web World Ireland,1,1,1,1,95.0
VPNUK,TR,206991,IXIR,1,1,1,1,95.0
VPNUK,US,0,,1,1,1,1,70.0
VPNUK,US,29802,HVC-AS,1,1,1,1,70.0
VPNUK,US,32097,WII,1,1,1,1,95.0
Vpnfacile,GB,41000,FREETHOUGHT-AS,1,1,1,1,78.0
Vpnfacile,US,5650,FRONTIER-FRTR,1,1,1,1,78.0
Vpnht,DK,30736,ASERGO-AS,1,1,1,1,78.0
Vpnht,JP,4694,IDCF IDC Frontier Inc.,1,1,1,1,78.0
Vpnht,KR,45382,EHOSTIDC-AS-KR Hostcenter,1,1,1,1,78.0
Vpnht,NL,49870,AS49870-BV,1,1,1,1,78.0
Vpnht,NL,50867,ORG-LVA15-AS,1,1,1,1,78.0
Vpnht,NL,60781,LEASEWEB-NL-AMS-01 Netherlands,1,1,1,1,78.0
Vpnht,US,61138,ZAPPIE-HOST-AS Zappie Host,1,1,1,1,78.0
WiTopia,EG,0,,1,1,1,1,95.0
WorldVPN,BE,209847,THE,1,1,1,1,88.0
WorldVPN,BR,209847,THE,1,1,1,1,88.0
WorldVPN,CA,16276,OVH,1,1,1,1,88.0
WorldVPN,CA,53363,TANGRAM-CANADA-INC,1,1,1,1,88.0
WorldVPN,CL,209847,THE,1,1,1,1,88.0
WorldVPN,CN,45102,"ALIBABA-CN-NET Alibaba US Technology Co., Ltd.",1,1,1,1,88.0
WorldVPN,ES,209847,THE,1,1,1,1,88.0
WorldVPN,GR,209847,THE,1,1,1,1,88.0
WorldVPN,IE,209847,THE,1,1,1,1,88.0
WorldVPN,IS,209847,THE,1,1,1,1,88.0
WorldVPN,JP,63473,HOSTHATCH,1,1,1,1,88.0
WorldVPN,LI,209847,THE,1,1,1,1,88.0
WorldVPN,LU,209847,THE,1,1,1,1,88.0
WorldVPN,MY,209847,THE,1,1,1,1,88.0
WorldVPN,NO,63473,HOSTHATCH,1,1,1,1,88.0
WorldVPN,PH,45102,"ALIBABA-CN-NET Alibaba US Technology Co., Ltd.",1,1,1,1,88.0
WorldVPN,PT,209847,THE,1,1,1,1,88.0
WorldVPN,RO,26383,ASNET,1,1,1,1,88.0
WorldVPN,TR,209847,THE,1,1,1,1,88.0
Zoogvpn,AM,12297,TELECOM-ARMENIA Telecom Armenia AS,1,1,1,1,78.0
Zoogvpn,AT,44133,IPAX-AS,1,1,1,1,78.0
Zoogvpn,BR,262287,Latitude.sh LTDA,1,1,1,1,78.0
Zoogvpn,CA,11831,ESECUREDATA,1,1,1,1,78.0
Zoogvpn,CA,55286,SERVER-MANIA,1,1,1,1,78.0
Zoogvpn,EE,202759,FAIRYHOSTING,1,1,1,1,78.0
Zoogvpn,FI,51765,CREANOVA-AS Oy Creanova Hosting Solutions Ltd.,1,1,1,1,78.0
Zoogvpn,FR,12876,Online SAS,1,1,1,1,78.0
Zoogvpn,GB,207569,I-SERVERS-NORTH-EU to AS51765 announce AS207569,1,1,1,1,78.0
Zoogvpn,GE,47810,PROSERVICE,1,1,1,1,78.0
Zoogvpn,HK,154177,LIGHT4-AS-AP LIGHT NODE LIMITED,1,1,1,1,78.0
Zoogvpn,HU,56322,SERVERASTRA-AS,1,1,1,1,78.0
Zoogvpn,ID,23679,NUSANET-AS-ID PT. Media Antar Nusa,1,1,1,1,78.0
Zoogvpn,IL,35758,HQSERV_NETWORKS,1,1,1,1,78.0
Zoogvpn,IL,61102,INTERHOST,1,1,1,1,78.0
Zoogvpn,IT,49367,ASSEFLOW,1,1,1,1,78.0
Zoogvpn,KZ,211971,GOODHOSTKZ Goodhost.KZ - Hosting provider of Kazakhstan. Dedicated and VDSVPS hosting,1,1,1,1,78.0
Zoogvpn,LT,61272,IST-AS,1,1,1,1,78.0
Zoogvpn,LT,8849,MELBICOM-EU-AS Melbikomas UAB,1,1,1,1,78.0
Zoogvpn,LV,58061,SCALAXY-AS,1,1,1,1,78.0
Zoogvpn,MD,43289,TRABIA,1,1,1,1,78.0
Zoogvpn,NL,43350,NFORCE,1,1,1,1,78.0
Zoogvpn,NL,60404,LITESERVER,1,1,1,1,78.0
Zoogvpn,NZ,133950,HOOPLAHOSTING-AS-AP Hoopla Hosting Limited,1,1,1,1,78.0
Zoogvpn,TH,56067,METRABYTE-TH 453 Ladplacout Jorakhaebua,1,1,1,1,78.0
Zoogvpn,TR,197450,SUNUCUN,1,1,1,1,78.0
Zoogvpn,UA,6698,VIRTUALSYSTEMS,1,1,1,1,78.0
Zoogvpn,US,20473,AS-VULTR,1,1,1,1,78.0
Zoogvpn,US,212336,BYTEVIRTLLC,1,1,1,1,78.0
Zoogvpn,US,396356,LATITUDE-SH,1,1,1,1,78.0
Zoogvpn,US,906,DMIT,1,1,1,1,78.0
Zoogvpn,VN,140787,LAMA-AS-VN LAM A ARCHITECTURE CONSTRUCTION COMPANY LIMITED,1,1,1,1,78.0
Zoogvpn,ZA,37153,xneelo,1,1,1,1,78.0
uVPN,GB,20860,IOMART-AS,1,1,1,1,70.0
uVPN,GB,39326,HSO-GROUP,1,1,1,1,70.0
uVPN,LU,202422,GHOST,1,1,1,1,70.0
uVPN,US,20473,AS-VULTR,1,1,1,1,70.0
