provider,asn,asn_org,country_count,countries,ip_count,prefix_count,hosting_ip_count,exit_node_count,avg_confidence
NordVPN,212238,CDNEXT,1,GB,2708,293,2708,2708,95.0
WLVPN,62651,NETPROTECT-62651,1,US,1496,74,1496,1496,95.0
IPVanish,62651,NETPROTECT-62651,1,US,1495,74,1495,1495,95.0
NordVPN,9009,M247,1,RO,1167,227,1167,1167,95.0
NordVPN,136787,PACKETHUBSA-AS-AP PacketHub S.A.,1,PA,1153,99,1153,1153,95.0
NordVPN,62240,CLOUVIDER Clouvider - Global ASN,1,GB,1079,44,1079,1079,95.0
CyberGhost,212238,CDNEXT,1,GB,878,49,878,878,71.7
CyberGhost,9009,M247,1,RO,782,60,782,782,72.8
NordVPN,147049,PACKETHUBSA-AS-AP PacketHub S.A.,1,AU,650,30,650,650,95.0
NordVPN,25369,BANDWIDTH-AS,1,GB,590,46,590,590,95.0
WLVPN,62240,CLOUVIDER Clouvider - Global ASN,1,GB,581,19,581,581,95.0
IPVanish,62240,CLOUVIDER Clouvider - Global ASN,1,GB,580,19,580,580,95.0
Astrill,62240,CLOUVIDER Clouvider - Global ASN,1,GB,539,14,539,539,78.0
ProtonVPN,212238,CDNEXT,1,GB,510,150,510,510,95.0
NordVPN,60068,CDN77 _,1,GB,425,55,425,425,95.0
NordVPN,141039,PACKETHUBSA-AS-AP PacketHub S.A.,1,PA,383,19,383,383,95.0
NordVPN,137409,GSLNETWORKS-AS-AP GSL Networks Pty LTD,1,AU,368,23,368,368,95.0
NordVPN,207137,PACKETHUBSA,1,PA,343,22,343,343,95.0
AirVPN,9009,M247,1,RO,300,44,300,300,95.0
Astrill,174,COGENT-174,1,US,289,13,289,289,78.0
AirVPN,49453,GLOBALLAYER,1,NL,288,7,288,288,95.0
Windscribe,212238,CDNEXT,1,GB,284,60,284,284,95.0
IPVanish,140952,"STL-AS-AP Strong Technology, LLC",1,US,276,13,276,276,95.0
WLVPN,140952,"STL-AS-AP Strong Technology, LLC",1,US,276,13,276,276,95.0
Astrill,62904,AS62904 - Eonix Corporation,1,US,275,9,275,275,78.0
CyberGhost,137409,GSLNETWORKS-AS-AP GSL Networks Pty LTD,1,AU,268,16,268,268,71.9
Astrill,212238,CDNEXT,1,GB,256,1,256,256,80.0
ProtonVPN,9009,M247,1,RO,251,127,251,251,95.0
Njalla,39287,ABSTRACT,1,RO,241,16,241,241,80.0
Sentinel dVPN,36352,AS-COLOCROSSING,1,US,236,176,236,236,95.0
StrongVPN,22781,STRTEC,1,US,226,64,226,226,80.9
StrongVPN,62651,NETPROTECT-62651,1,US,199,49,199,199,84.0
Windscribe,9009,M247,1,RO,195,40,195,195,95.0
WLVPN,22781,STRTEC,1,US,176,8,176,176,95.0
CyberGhost,174,COGENT-174,1,US,168,19,168,168,71.3
IPVanish,22781,STRTEC,1,US,161,7,161,161,95.0
CyberGhost,60068,CDN77 _,1,GB,153,19,153,153,72.1
TunnelBear,9009,M247,1,RO,137,22,137,137,95.0
IPVanish,174,COGENT-174,1,US,134,5,134,134,95.0
WLVPN,174,COGENT-174,1,US,134,5,134,134,95.0
Private Internet Access,137409,GSLNETWORKS-AS-AP GSL Networks Pty LTD,2,AU US,132,57,132,132,95.0
Mullvad,11878,TZULO,1,US,127,61,127,127,95.0
PureVPN,212238,CDNEXT,1,GB,127,54,127,127,88.0
Private Internet Access,212238,CDNEXT,10,CA DE ES GB IT JP NL SE UK US,126,50,126,126,95.0
CyberGhost,42708,GLESYS glesys.com,1,SE,125,8,125,125,72.0
WiTopia,9009,M247,1,RO,125,23,125,125,95.0
Surfshark,209854,CYBERZONEHUB,58,AD AL AM AR AU AZ BA BD BN BO BS BT BZ CA CR DE DZ EC EG ES FI GE GH GL HK ID IM IN IS KH KR KZ LA LI LK LT MA MC MD ME MK MM MN MO MY NP PA PH PK PR PY SA TW US UY UZ VE VN,119,65,119,119,95.0
Mullvad,212238,CDNEXT,1,GB,114,44,114,114,95.0
AirVPN,11878,TZULO,1,US,112,17,112,112,95.0
AirVPN,32489,AMANAHA-NEW,1,CA,104,6,104,104,95.0
ExpressVPN,206092,SECFIREWALLAS,1,CY,104,29,104,104,70.0
NordVPN,396356,LATITUDE-SH,1,US,103,7,103,103,95.0
TunnelBear,21859,ZEN-ECN,1,US,101,25,101,101,95.0
Astrill,36352,AS-COLOCROSSING,1,US,96,39,96,96,78.1
Astrill,16276,OVH,1,FR,95,16,95,95,78.0
Mullvad,9009,M247,1,RO,93,50,93,93,95.0
PureVPN,9009,M247,1,RO,93,42,93,93,88.0
Privado,34343,BIP-AS BIP Backbone ASN,1,NL,89,12,89,89,95.0
Mullvad,39351,ESAB-AS,1,SE,88,20,88,88,95.0
ExpressVPN,137409,GSLNETWORKS-AS-AP GSL Networks Pty LTD,1,AU,87,35,87,87,69.7
Astrill,20473,AS-VULTR,1,US,84,3,84,84,78.0
Private Internet Access,9009,M247,3,CA RO UK,84,31,84,84,95.0
Sentinel dVPN,8560,"IONOS-AS This is the joint network for IONOS, Fasthosts, Arsys, 1&1 Mail and Media and 1&1 Telecom. Formerly known as 1&1 Internet SE.",1,DE,84,81,84,84,95.0
Windscribe,11878,TZULO,1,US,84,14,84,84,95.0
IPVanish,46844,SHARKTECH,1,US,81,2,81,81,95.0
TunnelBear,14061,DIGITALOCEAN-ASN,1,US,81,77,81,81,95.0
WLVPN,46844,SHARKTECH,1,US,81,2,81,81,95.0
NordVPN,262287,Latitude.sh LTDA,1,BR,70,8,70,70,95.0
OVPN,42675,OBEHOSTING Obehosting AB,1,SE,68,6,68,68,95.0
VPN Unlimited,20473,AS-VULTR,1,US,67,60,67,67,70.0
Astrill,36351,SOFTLAYER,1,US,63,12,63,63,78.1
IPVanish,54203,NETPROTECT-SP,1,US,63,2,63,63,95.0
WLVPN,54203,NETPROTECT-SP,1,US,63,2,63,63,95.0
WorldVPN,24940,HETZNER-AS,2,DE FI,62,49,62,62,88.0
IPVanish,36352,AS-COLOCROSSING,1,US,59,2,59,59,95.0
WLVPN,36352,AS-COLOCROSSING,1,US,59,2,59,59,95.0
Astrill,6939,HURRICANE,1,US,54,13,54,54,78.0
Giganews,22363,PHMGMT-AS1,1,US,54,54,54,54,78.0
VyprVPN,22363,PHMGMT-AS1,1,US,54,54,54,54,95.0
Surfshark,212238,CDNEXT,27,AT AU BG CA CL CO DE FR GR HK HR HU IE IL JP MX MY NG NO PE PT RO SG TR UA US ZA,53,43,53,53,95.0
NordVPN,203020,HOSTROYALE,1,IN,52,6,52,52,95.0
Anonine,9009,M247,1,RO,51,9,51,51,95.0
BoxPN,9009,M247,1,RO,51,9,51,51,95.0
EasyHideIP,9009,M247,1,RO,51,9,51,51,95.0
FrootVPN,9009,M247,1,RO,51,9,51,51,95.0
NordVPN,136557,HOST-AS-AP Host Universal Pty Ltd,1,AU,51,8,51,51,95.0
PureVPN,137409,GSLNETWORKS-AS-AP GSL Networks Pty LTD,1,AU,49,18,49,49,88.0
VPN Unlimited,14061,DIGITALOCEAN-ASN,1,US,49,34,49,49,70.0
IPVanish,3223,VOXILITY,1,GB,47,2,47,47,95.0
NordVPN,49453,GLOBALLAYER,1,NL,47,4,47,47,95.0
PureVPN,132372,GBNETWORK-AS-AP GB Network Solutions Sdn. Bhd.,1,MY,47,17,47,47,88.0
WLVPN,3223,VOXILITY,1,GB,47,2,47,47,95.0
CyberGhost,51430,ALTUS,1,NL,46,2,46,46,71.1
WiTopia,393423,NTT-GLOBAL-DATA-CENTERS-AMERICA-INC,1,US,46,2,46,46,95.0
IPVanish,21859,ZEN-ECN,1,US,45,6,45,45,95.0
WLVPN,21859,ZEN-ECN,1,US,45,6,45,45,95.0
AirVPN,62744,QUINTEX,1,US,44,2,44,44,95.0
Privado,205467,BASEIP-LAX,1,NL,44,6,44,44,95.0
TunnelBear,63949,AKAMAI-LINODE-AP Akamai Connected Cloud,1,SG,44,33,44,44,95.0
WiTopia,0,,5,CA EG GB HK TR,44,5,44,44,95.0
VPN Unlimited,209847,THE,1,NL,43,21,43,43,70.0
IPVanish,13737,AS-INCX,1,US,40,1,40,40,95.0
IVPN,60068,CDN77 _,2,GB US,40,29,40,40,95.0
Trust.Zone,9009,M247,1,RO,40,33,40,40,70.0
WLVPN,13737,AS-INCX,1,US,40,1,40,40,95.0
WiTopia,16276,OVH,1,FR,40,7,40,40,95.0
IPVanish,43350,NFORCE,1,NL,39,1,39,39,95.0
NordVPN,20278,NEXEON,1,US,39,9,39,39,95.0
PrivateVPN,42201,PVDATANET,9,CA DE ES FR IN IT NL SE US,39,11,39,39,94.3
WLVPN,43350,NFORCE,1,NL,39,1,39,39,95.0
CyberGhost,61272,IST-AS,1,LT,38,2,38,38,73.3
ExpressVPN,212238,CDNEXT,1,GB,38,17,38,38,69.1
FastestVPN,9009,M247,2,RO US,38,32,38,38,95.0
Goosevpn,9009,M247,1,RO,38,31,38,38,78.0
IPVanish,137409,GSLNETWORKS-AS-AP GSL Networks Pty LTD,1,AU,38,7,38,38,95.0
IPVanish,9009,M247,1,RO,38,6,38,38,95.0
Opera VPN,205016,HERNLABS,1,SE,38,3,38,38,70.0
WLVPN,137409,GSLNETWORKS-AS-AP GSL Networks Pty LTD,1,AU,38,7,38,38,95.0
WLVPN,9009,M247,1,RO,38,6,38,38,95.0
WorldVPN,63473,HOSTHATCH,7,AT AU JP NO SE SG US,38,17,38,38,88.0
Astrill,46844,SHARKTECH,1,US,37,14,37,37,78.2
OysterVPN,136258,"ONEPROVIDER-AS BrainStorm Network, Inc",27,AU BG CA CH CY CZ DE EU FL FR GB IN IT JP MY NA NL PK PL PT RU SE SG TW UA US VN,37,33,37,37,95.0
Private Internet Access,174,COGENT-174,3,CA DE US,37,18,37,37,95.0
AirVPN,51815,TEKNIKBYRAN,1,SE,36,1,36,36,95.0
Astrill,30058,FDCSERVERS,1,US,36,17,36,36,78.0
Astrill,40676,AS40676 - Psychz Networks,1,US,36,13,36,36,78.0
CyberGhost,58065,PACKETEXCHANGE,1,GB,35,2,35,35,72.1
IPVanish,42831,"UKSERVERS-AS UK Dedicated Servers, Hosting and Co-Location",1,GB,35,4,35,35,95.0
IPVanish,55286,SERVER-MANIA,1,CA,35,1,35,35,95.0
Mullvad,203020,HOSTROYALE,1,IN,35,17,35,35,95.0
WLVPN,42831,"UKSERVERS-AS UK Dedicated Servers, Hosting and Co-Location",1,GB,35,4,35,35,95.0
WLVPN,55286,SERVER-MANIA,1,CA,35,1,35,35,95.0
CyberGhost,41564,AS41564,1,GB,34,1,34,34,72.2
IPVanish,13926,NETPROTECT-PHX,1,US,34,1,34,34,95.0
IVPN,9009,M247,2,RO US,34,22,34,34,95.0
Sentinel dVPN,49683,MASSIVEGRID,1,GB,34,21,34,34,95.0
Sentinel dVPN,61112,AkileCloud Network,1,GB,34,23,34,34,95.0
WLVPN,13926,NETPROTECT-PHX,1,US,34,1,34,34,95.0
Astrill,55286,SERVER-MANIA,1,CA,33,7,33,33,78.1
ProtonVPN,60068,CDN77 _,1,GB,33,17,33,33,95.0
AirVPN,6206,NETROUTING-AS,1,NL,32,5,32,32,95.0
Astrill,22612,NAMECHEAP-NET,1,US,31,1,31,31,80.0
Astrill,32097,WII,1,US,31,3,31,31,79.3
Windscribe,60068,CDN77 _,1,GB,31,8,31,31,95.0
NordVPN,58325,BANDWIDTH-ASIA,1,GB,30,3,30,30,95.0
ProtonVPN,49981,WORLDSTREAM,1,NL,30,24,30,30,95.0
Windscribe,206804,ESTNOC-GLOBAL,1,EE,30,7,30,30,95.0
ExpressVPN,262287,Latitude.sh LTDA,1,BR,29,5,29,29,70.0
FlowVPN,136258,"ONEPROVIDER-AS BrainStorm Network, Inc",1,CA,29,16,29,29,70.0
IPVanish,212238,CDNEXT,1,GB,29,1,29,29,95.0
SwitchVPN,20473,AS-VULTR,1,US,29,19,29,29,88.0
VPNSecure,16276,OVH,1,FR,29,19,29,29,88.0
WLVPN,212238,CDNEXT,1,GB,29,1,29,29,95.0
Astrill,3462,HINET Data Communication Business Group,1,TW,28,13,28,28,78.0
Astrill,63023,AS-GLOBALTELEHOST,1,US,28,7,28,28,78.1
Privado,34305,BASEIP,1,NL,28,4,28,28,95.0
VPN Unlimited,136258,"ONEPROVIDER-AS BrainStorm Network, Inc",1,CA,28,11,28,28,70.0
Anonine,63023,AS-GLOBALTELEHOST,1,US,27,3,27,27,95.0
Astrill,9009,M247,1,RO,27,10,27,27,78.0
BoxPN,63023,AS-GLOBALTELEHOST,1,US,27,3,27,27,95.0
EasyHideIP,63023,AS-GLOBALTELEHOST,1,US,27,3,27,27,95.0
ExpressVPN,13213,UK2NET-AS,1,GB,27,1,27,27,70.0
FrootVPN,63023,AS-GLOBALTELEHOST,1,US,27,3,27,27,95.0
ProtonVPN,136557,HOST-AS-AP Host Universal Pty Ltd,1,AU,27,12,27,27,95.0
Windscribe,137409,GSLNETWORKS-AS-AP GSL Networks Pty LTD,1,AU,27,8,27,27,95.0
CyberGhost,206804,ESTNOC-GLOBAL,1,EE,26,2,26,26,71.9
IPVanish,25369,BANDWIDTH-AS,1,GB,26,2,26,26,95.0
Vpnht,0,,4,DE RO RU SG,26,4,26,26,78.0
WLVPN,25369,BANDWIDTH-AS,1,GB,26,2,26,26,95.0
WiTopia,395954,LEASEWEB-USA-LAX,1,US,25,4,25,25,95.0
WiTopia,396362,LEASEWEB-USA-NYC,1,US,25,5,25,25,95.0
AirVPN,394256,CLOUDSINGULARITY,1,CA,24,2,24,24,95.0
CyberGhost,44679,BINBOX-GLOBAL-SERVICES,1,RO,24,2,24,24,71.0
Ivacy,212238,CDNEXT,16,AU CA CH DK FR GB GR HU IE NG PL SE SK TR UA US,24,23,24,24,95.0
NordVPN,42831,"UKSERVERS-AS UK Dedicated Servers, Hosting and Co-Location",1,GB,24,22,24,24,95.0
GhostPath,63949,AKAMAI-LINODE-AP Akamai Connected Cloud,8,AU CA DE GB IN JP SG US,23,23,23,23,88.0
ExpressVPN,62240,CLOUVIDER Clouvider - Global ASN,1,GB,22,10,22,22,70.0
Sentinel dVPN,9009,M247,1,RO,22,20,22,22,95.0
VPN Jantit,45102,"ALIBABA-CN-NET Alibaba US Technology Co., Ltd.",1,CN,22,21,22,22,88.0
ExpressVPN,396356,LATITUDE-SH,1,US,21,8,21,21,70.0
Mullvad,43357,OWL Owl Limited,1,VU,21,6,21,21,95.0
Private Internet Access,42708,GLESYS glesys.com,3,DK FI SE,21,5,21,21,95.0
Surfshark,9009,M247,14,AE BE BG BR CA CZ DE DK IE IT NL RS UK US,21,18,21,21,95.0
Windscribe,263812,SONDATECH S.A.S.,1,AR,21,7,21,21,95.0
AirVPN,63018,DEDICATED,1,US,20,1,20,20,95.0
EasyHideIP,42831,"UKSERVERS-AS UK Dedicated Servers, Hosting and Co-Location",1,GB,20,3,20,20,95.0
IPVanish,13213,UK2NET-AS,1,GB,20,1,20,20,95.0
Mullvad,136557,HOST-AS-AP Host Universal Pty Ltd,1,AU,20,7,20,20,95.0
ProtonVPN,209103,PROTONVPN,1,CH,20,4,20,20,95.0
Sentinel dVPN,136258,"ONEPROVIDER-AS BrainStorm Network, Inc",1,CA,20,12,20,20,95.0
Surfshark,203020,HOSTROYALE,10,BR CY EE ES FR LU MT PT UK US,20,12,20,20,95.0
TunnelBear,45179,SITEHOST-AS-AP SiteHost New Zealand,1,NZ,20,1,20,20,95.0
VPN Unlimited,46450,PILOT,1,US,20,2,20,20,70.0
VPN.ac,9009,M247,1,RO,20,17,20,20,95.0
WLVPN,13213,UK2NET-AS,1,GB,20,1,20,20,95.0
WiTopia,27411,LEASEWEB-USA-CHI,1,US,20,7,20,20,95.0
WiTopia,48011,DIGITURUNC,1,TR,20,1,20,20,95.0
WiTopia,63018,DEDICATED,1,US,20,3,20,20,95.0
Astrill,18779,EGIHOSTING,1,US,19,4,19,19,78.0
AzireVPN,60068,CDN77 _,1,GB,19,19,19,19,95.0
CyberGhost,43289,TRABIA,1,MD,19,3,19,19,72.6
Giganews,40861,PARAD-40-ASN,1,US,19,8,19,19,78.0
VPN Unlimited,12876,Online SAS,1,FR,19,13,19,19,70.0
VyprVPN,40861,PARAD-40-ASN,1,US,19,8,19,19,95.0
ProtonVPN,199218,PROTONVPN-2,1,CH,18,5,18,18,95.0
SSHMax,60592,GRANSY Gransy s.r.o. gransy.com,1,CZ,18,2,18,18,70.0
Sentinel dVPN,214677,DELUXHOST,1,IT,18,12,18,18,95.0
Surfshark,60068,CDN77 _,9,CH CZ IT JP PL SE SG SK US,18,15,18,18,95.0
VPN Gate,4766,KIXS-AS-KR Korea Telecom,1,KR,18,18,18,18,78.0
VPN Jantit,215540,GCS-AS,1,GB,18,15,18,18,88.0
VPNUK,51905,CWCS-VM CompuWeb Communications Services Ltd,1,GB,18,8,18,18,95.0
WLVPN,206804,ESTNOC-GLOBAL,1,EE,18,3,18,18,95.0
WiTopia,47100,WITOPIA-AS1,1,US,18,2,18,18,95.0
Windscribe,133480,INT-5GN-AS-AP 5G NETWORK OPERATIONS PTY LTD,1,AU,18,6,18,18,95.0
Windscribe,13737,AS-INCX,1,US,18,3,18,18,95.0
IPVanish,206804,ESTNOC-GLOBAL,1,EE,17,3,17,17,95.0
NordVPN,51747,INTERNETBOLAGET,1,SE,17,1,17,17,95.0
Sentinel dVPN,45102,"ALIBABA-CN-NET Alibaba US Technology Co., Ltd.",1,CN,17,17,17,17,95.0
AirVPN,52048,RIXHOST,1,LV,16,4,16,16,95.0
Anonine,136557,HOST-AS-AP Host Universal Pty Ltd,1,AU,16,2,16,16,95.0
Astrill,22439,PERFECT-INTERNATIONAL,1,US,16,3,16,16,78.2
Astrill,29066,VELIANET-AS velia.net Internetdienste GmbH,1,DE,16,9,16,16,78.0
Astrill,396356,LATITUDE-SH,1,US,16,5,16,16,78.0
BoxPN,136557,HOST-AS-AP Host Universal Pty Ltd,1,AU,16,2,16,16,95.0
EasyHideIP,136557,HOST-AS-AP Host Universal Pty Ltd,1,AU,16,2,16,16,95.0
FrootVPN,136557,HOST-AS-AP Host Universal Pty Ltd,1,AU,16,2,16,16,95.0
NordVPN,207990,HR-CUSTOMER,1,IN,16,2,16,16,95.0
NordVPN,39486,HOSTROYALE,1,IN,16,2,16,16,95.0
Perimeter81,16509,AMAZON-02,1,US,16,4,16,16,70.0
PrivateVPN,60068,CDN77 _,6,AU GR HK JP SG US,16,16,16,16,94.1
Smartdnsproxy,9009,M247,1,RO,16,15,16,16,78.0
StrongVPN,62240,CLOUVIDER Clouvider - Global ASN,1,GB,16,7,16,16,83.8
TunnelBear,133752,LEASEWEB-APAC-HKG-10 LEASEWEB HONG KONG LIMITED,1,HK,16,3,16,16,95.0
TunnelBear,29838,AMC,1,US,16,4,16,16,95.0
TunnelBear,46475,LIMESTONENETWORKS,1,US,16,5,16,16,95.0
VPN Gate,36599,SOFTETHER-AMERICA,1,US,16,1,16,16,78.0
VPN Jantit,16276,OVH,1,FR,16,15,16,16,88.0
VPN Jantit,41745,FORTIS-AS Hosting services,1,RU,16,14,16,16,88.0
Windscribe,53356,FREE RANGE CLOUD,1,CA,16,4,16,16,95.0
Astrill,203020,HOSTROYALE,1,IN,15,8,15,15,78.0
Astrill,60068,CDN77 _,1,GB,15,4,15,15,78.0
BoxPN,29889,FSNET-1,1,US,15,4,15,15,95.0
CyberGhost,197706,"KEMINET A datacenter located in TiranaAlbania. Webhosting, Dedicated Servers, VPS, IPv4IPv6 leasing",1,AL,15,2,15,15,75.0
CyberGhost,5606,GTS-BACKBONE GTS Telecom,1,RO,15,1,15,15,71.7
OVPN,9009,M247,1,RO,15,14,15,15,95.0
PrivateVPN,9009,M247,12,AE AT BE BG CA CZ GB HU IE RO RS US,15,14,15,15,94.5
Sentinel dVPN,210538,KEYUBU,1,TR,15,3,15,15,95.0
Sentinel dVPN,215567,NETVAY,1,TR,15,3,15,15,95.0
Sentinel dVPN,21743,ANL-36,1,US,15,1,15,15,95.0
Sentinel dVPN,47516,DEHOST-INTERNET-VE-BILISIM-TEKNOLOJILERI-SAN-TIC-LTD-STI DEHOST INTERNET VE BILISIM TEKNOLOJILERI SANAYI TICARET LIMITED SIRKETI,1,TR,15,3,15,15,95.0
Sentinel dVPN,56971,AS56971 AS56971 Cloud,1,HK,15,15,15,15,95.0
VPNUK,136258,"ONEPROVIDER-AS BrainStorm Network, Inc",1,CA,15,15,15,15,95.0
Vpnht,12876,Online SAS,1,FR,15,4,15,15,78.0
Vpnht,58212,DATAFOREST,1,DE,15,1,15,15,78.0
WiTopia,32489,AMANAHA-NEW,1,CA,15,2,15,15,95.0
WiTopia,394380,LEASEWEB-USA-DAL,1,US,15,4,15,15,95.0
Windscribe,150249,IDNIC-ATHARVA-AS-ID PT Atharva Telematika Persada,1,ID,15,3,15,15,95.0
Anonine,29889,FSNET-1,1,US,14,4,14,14,95.0
Anonine,9008,ASN-VO Visual Online S.A. Luxembourg,1,LU,14,1,14,14,95.0
Astrill,395954,LEASEWEB-USA-LAX,1,US,14,7,14,14,78.0
Astrill,53850,GORILLASERVERS,1,US,14,6,14,14,78.0
BoxPN,9008,ASN-VO Visual Online S.A. Luxembourg,1,LU,14,1,14,14,95.0
EasyHideIP,29889,FSNET-1,1,US,14,4,14,14,95.0
EasyHideIP,9008,ASN-VO Visual Online S.A. Luxembourg,1,LU,14,1,14,14,95.0
FrootVPN,29889,FSNET-1,1,US,14,4,14,14,95.0
FrootVPN,9008,ASN-VO Visual Online S.A. Luxembourg,1,LU,14,1,14,14,95.0
Hotspotshield,9009,M247,1,RO,14,14,14,14,78.0
IPVanish,51765,CREANOVA-AS Oy Creanova Hosting Solutions Ltd.,1,FI,14,1,14,14,95.0
Private Internet Access,206092,SECFIREWALLAS,2,CY IT,14,3,14,14,95.0
VPNUK,20860,IOMART-AS,1,GB,14,13,14,14,86.1
WLVPN,51765,CREANOVA-AS Oy Creanova Hosting Solutions Ltd.,1,FI,14,1,14,14,95.0
WorldVPN,204957,GREENFLOID-AS,2,PL US,14,7,14,14,88.0
WorldVPN,209847,THE,13,BE BR CL ES GR IE IS LI LU MY NL PT TR,14,14,14,14,88.0
Anonine,42708,GLESYS glesys.com,1,SE,13,3,13,13,95.0
AnonymousVPN,209847,THE,1,NL,13,12,13,13,95.0
Astrill,55081,24SHELLS,1,US,13,5,13,13,78.0
Astrill,60464,SUPERNET-UK,1,GB,13,3,13,13,78.0
CyberGhost,29066,VELIANET-AS velia.net Internetdienste GmbH,1,DE,13,6,13,13,71.9
FastestVPN,136258,"ONEPROVIDER-AS BrainStorm Network, Inc",2,CA US,13,6,13,13,95.0
IPVanish,396356,LATITUDE-SH,1,US,13,1,13,13,95.0
Ivacy,9009,M247,8,AT BE ES NO RO RS UK US,13,13,13,13,95.0
Kompot VPN,51852,PLI-AS,1,PA,13,2,13,13,70.0
NetShade,16276,OVH,1,FR,13,13,13,13,95.0
ProtonVPN,206804,ESTNOC-GLOBAL,1,EE,13,11,13,13,95.0
Riseup VPN,12876,Online SAS,1,FR,13,11,13,13,95.0
Sentinel dVPN,20278,NEXEON,1,US,13,9,13,13,95.0
Sentinel dVPN,47890,UNMANAGED-DEDICATED-SERVERS,1,GB,13,2,13,13,95.0
Vpnht,3223,VOXILITY,1,GB,13,7,13,13,78.0
WLVPN,396356,LATITUDE-SH,1,US,13,1,13,13,95.0
Windscribe,41564,AS41564,1,GB,13,2,13,13,95.0
AirVPN,45179,SITEHOST-AS-AP SiteHost New Zealand,1,NZ,12,2,12,12,95.0
AirVPN,51430,ALTUS,1,NL,12,3,12,12,95.0
Astrill,32181,ASN-GIGENET,1,US,12,3,12,12,78.2
CyberGhost,3257,GTT-BACKBONE GTT,1,US,12,2,12,12,74.2
Mullvad,21859,ZEN-ECN,1,US,12,8,12,12,95.0
Mullvad,50304,BLIX,1,NO,12,3,12,12,95.0
NordVPN,3257,GTT-BACKBONE GTT,1,US,12,3,12,12,95.0
RedShield VPN,60068,CDN77 _,1,GB,12,12,12,12,95.0
StrongVPN,140952,"STL-AS-AP Strong Technology, LLC",1,US,12,5,12,12,86.2
Trust.Zone,60068,CDN77 _,1,GB,12,12,12,12,70.0
Windscribe,36352,AS-COLOCROSSING,1,US,12,4,12,12,95.0
Windscribe,397373,H4Y-TECHNOLOGIES,1,US,12,3,12,12,95.0
Zoogvpn,136258,"ONEPROVIDER-AS BrainStorm Network, Inc",1,CA,12,12,12,12,78.0
Anonine,24961,MYLOC-AS IP Backbone of WIIT AG formerly myLoc managed IT AG,1,DE,11,6,11,11,95.0
Astrill,3258,XTOM-JAPAN xTom Japan Corporation,1,JP,11,1,11,11,78.0
Astrill,50867,ORG-LVA15-AS,1,NL,11,3,11,11,78.0
Astrill,56630,MELBICOM-EU-AS Melbikomas UAB,1,LT,11,4,11,11,78.0
BoxPN,24961,MYLOC-AS IP Backbone of WIIT AG formerly myLoc managed IT AG,1,DE,11,6,11,11,95.0
CyberGhost,37684,ANGANI-AS,1,KE,11,1,11,11,72.3
EasyHideIP,24961,MYLOC-AS IP Backbone of WIIT AG formerly myLoc managed IT AG,1,DE,11,6,11,11,95.0
ExpressVPN,9009,M247,1,RO,11,6,11,11,70.0
FrootVPN,24961,MYLOC-AS IP Backbone of WIIT AG formerly myLoc managed IT AG,1,DE,11,6,11,11,95.0
HideIPVPN,16276,OVH,1,FR,11,11,11,11,70.0
IPVanish,132372,GBNETWORK-AS-AP GB Network Solutions Sdn. Bhd.,1,MY,11,1,11,11,95.0
IPVanish,203020,HOSTROYALE,1,IN,11,2,11,11,95.0
IVPN,11878,TZULO,1,US,11,8,11,11,95.0
Mullvad,13213,UK2NET-AS,1,GB,11,2,11,11,95.0
PrivateVPN,1299,"TWELVE99 Arelion, fka Telia Carrier",3,DK GB SE,11,3,11,11,95.0
PureVPN,46475,LIMESTONENETWORKS,1,US,11,6,11,11,88.0
Sentinel dVPN,16276,OVH,1,FR,11,11,11,11,95.0
Sentinel dVPN,24940,HETZNER-AS,1,DE,11,11,11,11,95.0
Sentinel dVPN,62564,LINVEO-LLC,1,US,11,2,11,11,95.0
VPN Jantit,20473,AS-VULTR,1,US,11,11,11,11,88.0
WLVPN,132372,GBNETWORK-AS-AP GB Network Solutions Sdn. Bhd.,1,MY,11,1,11,11,95.0
WLVPN,203020,HOSTROYALE,1,IN,11,2,11,11,95.0
Anonine,35758,HQSERV_NETWORKS,1,IL,10,1,10,10,95.0
Anonine,60781,LEASEWEB-NL-AMS-01 Netherlands,1,NL,10,3,10,10,95.0
Astrill,0,,3,CA JP US,10,3,10,10,78.0
Astrill,46475,LIMESTONENETWORKS,1,US,10,3,10,10,78.2
BoxPN,35758,HQSERV_NETWORKS,1,IL,10,1,10,10,95.0
BoxPN,60781,LEASEWEB-NL-AMS-01 Netherlands,1,NL,10,3,10,10,95.0
CyberGhost,205119,TELEKS-,1,MK,10,1,10,10,72.5
EasyHideIP,35758,HQSERV_NETWORKS,1,IL,10,1,10,10,95.0
EasyHideIP,60781,LEASEWEB-NL-AMS-01 Netherlands,1,NL,10,3,10,10,95.0
FreeVPN,53667,PONYNET,3,CH LU US,10,10,10,10,88.0
Froot,42708,GLESYS glesys.com,1,SE,10,1,10,10,78.0
FrootVPN,35758,HQSERV_NETWORKS,1,IL,10,1,10,10,95.0
FrootVPN,42708,GLESYS glesys.com,1,SE,10,1,10,10,95.0
FrootVPN,60781,LEASEWEB-NL-AMS-01 Netherlands,1,NL,10,3,10,10,95.0
IPVanish,43289,TRABIA,1,MD,10,1,10,10,95.0
IPVanish,4785,XTOM-AS-JP xTom,1,JP,10,1,10,10,95.0
IPVanish,52423,Data Miners S.A.  Racknation.cr,1,CR,10,1,10,10,95.0
NordVPN,41564,AS41564,1,GB,10,2,10,10,95.0
NordVPN,51430,ALTUS,1,NL,10,1,10,10,95.0
PrivateVPN,14061,DIGITALOCEAN-ASN,1,IN,10,9,10,10,88.0
ProtonVPN,43350,NFORCE,1,NL,10,5,10,10,95.0
Sentinel dVPN,208483,WERIDATA-LLC,1,US,10,2,10,10,95.0
Sentinel dVPN,399646,DARTNODE,1,US,10,6,10,10,95.0
Sentinel dVPN,399804,HOSTODO,1,US,10,4,10,10,95.0
Sentinel dVPN,45899,VNPT-AS-VN VNPT Corp,1,VN,10,2,10,10,95.0
SwitchVPN,133398,TELE-AS Tele Asia Limited,1,HK,10,1,10,10,88.0
VPN Gate,2516,KDDI KDDI CORPORATION,1,JP,10,10,10,10,78.0
VPN.ac,12876,Online SAS,1,FR,10,4,10,10,95.0
VPN.ac,133480,INT-5GN-AS-AP 5G NETWORK OPERATIONS PTY LTD,1,AU,10,3,10,10,95.0
VPNSecure,136258,"ONEPROVIDER-AS BrainStorm Network, Inc",1,CA,10,10,10,10,88.0
Vpnht,47540,WIPAK-AS,1,DE,10,1,10,10,78.0
WLVPN,43289,TRABIA,1,MD,10,1,10,10,95.0
WLVPN,4785,XTOM-AS-JP xTom,1,JP,10,1,10,10,95.0
WLVPN,52423,Data Miners S.A.  Racknation.cr,1,CR,10,1,10,10,95.0
WiTopia,11831,ESECUREDATA,1,CA,10,2,10,10,95.0
WiTopia,12876,Online SAS,1,FR,10,1,10,10,95.0
WiTopia,30475,WEHOSTWEBSITES-COM,1,US,10,2,10,10,95.0
WiTopia,33083,AXCELX-NET,1,US,10,2,10,10,95.0
WiTopia,396190,LEASEWEB-USA-SEA,1,US,10,2,10,10,95.0
WorldVPN,56971,AS56971 AS56971 Cloud,2,HK NL,10,6,10,10,88.0
uVPN,14061,DIGITALOCEAN-ASN,1,US,10,10,10,10,70.0
Anonine,197155,ARTNET,1,PL,9,2,9,9,95.0
Anonine,42831,"UKSERVERS-AS UK Dedicated Servers, Hosting and Co-Location",1,GB,9,1,9,9,95.0
Anonine,60458,ASN-XTUDIONET,1,ES,9,1,9,9,95.0
Astrill,13213,UK2NET-AS,1,GB,9,5,9,9,78.0
Astrill,63018,DEDICATED,1,US,9,3,9,9,78.0
Astrill,7393,CYBERCON,1,US,9,2,9,9,78.0
BoxPN,197155,ARTNET,1,PL,9,2,9,9,95.0
BoxPN,60458,ASN-XTUDIONET,1,ES,9,1,9,9,95.0
CyberGhost,0,,3,AU GB IN,9,7,9,9,95.0
EasyHideIP,197155,ARTNET,1,PL,9,2,9,9,95.0
EasyHideIP,60458,ASN-XTUDIONET,1,ES,9,1,9,9,95.0
FlowVPN,142002,SCLOUDPTELTD-AS Scloud Pte Ltd,1,SG,9,2,9,9,70.0
FlowVPN,209847,THE,1,NL,9,9,9,9,70.0
FrootVPN,197155,ARTNET,1,PL,9,2,9,9,95.0
FrootVPN,60458,ASN-XTUDIONET,1,ES,9,1,9,9,95.0
Ivacy,137409,GSLNETWORKS-AS-AP GSL Networks Pty LTD,5,AU NL OM PH SG,9,7,9,9,95.0
OVPN,212238,CDNEXT,1,GB,9,8,9,9,95.0
Privado,203020,HOSTROYALE,1,IN,9,2,9,9,95.0
PureVPN,396356,LATITUDE-SH,1,US,9,5,9,9,88.0
RedShield VPN,399498,PRIVATE-NETWORKS,1,US,9,1,9,9,95.0
Sentinel dVPN,209641,I-SERVERS-EAST,1,GB,9,9,9,9,95.0
Sentinel dVPN,213737,DEXDC,1,GB,9,2,9,9,95.0
Sentinel dVPN,399275,SOLID,1,US,9,4,9,9,95.0
Surfshark,136557,HOST-AS-AP Host Universal Pty Ltd,2,AU NZ,9,7,9,9,95.0
SwitchVPN,51852,PLI-AS,1,PA,9,2,9,9,88.0
VPN.ac,36352,AS-COLOCROSSING,1,US,9,4,9,9,95.0
VPN.ac,60781,LEASEWEB-NL-AMS-01 Netherlands,1,NL,9,5,9,9,95.0
WiTopia,133480,INT-5GN-AS-AP 5G NETWORK OPERATIONS PTY LTD,1,AU,9,2,9,9,95.0
Windscribe,21859,ZEN-ECN,1,US,9,5,9,9,95.0
Windscribe,33083,AXCELX-NET,1,US,9,3,9,9,95.0
Windscribe,37611,AFRIHOST-SP,1,ZA,9,4,9,9,95.0
Windscribe,397540,WINDSCRIBE,1,AQ,9,2,9,9,95.0
Windscribe,46664,VDI-NETWORK,1,US,9,3,9,9,95.0
Windscribe,51852,PLI-AS,1,PA,9,2,9,9,95.0
Windscribe,62240,CLOUVIDER Clouvider - Global ASN,1,GB,9,5,9,9,95.0
Anonine,16276,OVH,1,FR,8,1,8,8,95.0
Anonine,34081,SERVER24-AS INCUBATEC GmbH - Srl,1,IT,8,1,8,8,95.0
Astrill,46562,PERFORMIVE,1,US,8,2,8,8,78.0
Astrill,49532,SERVERHUB-NL,1,US,8,2,8,8,78.0
Astrill,54600,PEG-SV,1,US,8,2,8,8,78.0
Astrill,61272,IST-AS,1,LT,8,2,8,8,78.0
Astrill,8849,MELBICOM-EU-AS Melbikomas UAB,1,LT,8,3,8,8,78.0
BoxPN,16276,OVH,1,FR,8,1,8,8,95.0
BoxPN,34081,SERVER24-AS INCUBATEC GmbH - Srl,1,IT,8,1,8,8,95.0
BoxPN,42831,"UKSERVERS-AS UK Dedicated Servers, Hosting and Co-Location",1,GB,8,1,8,8,95.0
CactusVPN,16276,OVH,4,AU CA PL SG,8,6,8,8,95.0
EasyHideIP,16276,OVH,1,FR,8,1,8,8,95.0
EasyHideIP,34081,SERVER24-AS INCUBATEC GmbH - Srl,1,IT,8,1,8,8,95.0
ExpressVPN,206804,ESTNOC-GLOBAL,1,EE,8,3,8,8,70.0
ExpressVPN,42708,GLESYS glesys.com,1,SE,8,3,8,8,70.0
FlowVPN,45899,VNPT-AS-VN VNPT Corp,1,VN,8,3,8,8,70.0
FrootVPN,16276,OVH,1,FR,8,1,8,8,95.0
FrootVPN,34081,SERVER24-AS INCUBATEC GmbH - Srl,1,IT,8,1,8,8,95.0
FrootVPN,42831,"UKSERVERS-AS UK Dedicated Servers, Hosting and Co-Location",1,GB,8,1,8,8,95.0
GhostPath,13213,UK2NET-AS,5,DE FR GB NL US,8,8,8,8,88.0
Ivacy,132372,GBNETWORK-AS-AP GB Network Solutions Sdn. Bhd.,8,AF BN BR EG PA RU TW VN,8,8,8,8,95.0
Kompot VPN,202759,FAIRYHOSTING,1,EE,8,2,8,8,80.0
Kompot VPN,23470,RELIABLESITE,1,US,8,7,8,8,80.0
Le VPN,9009,M247,1,RO,8,8,8,8,70.0
Mullvad,60068,CDN77 _,1,GB,8,4,8,8,95.0
NordVPN,2856,BT-UK-AS BTnet UK Regional network,1,GB,8,1,8,8,95.0
NordVPN,64200,VIVIDHOSTING,1,US,8,1,8,8,95.0
OysterVPN,138915,KAOPU-HK Kaopu Cloud HK Limited,8,AG BR KR PH SA TH UK VN,8,8,8,8,95.0
Private Internet Access,396356,LATITUDE-SH,1,US,8,2,8,8,95.0
PrivateVPN,61207,ILAIT,1,SE,8,1,8,8,95.0
Proxpn,30058,FDCSERVERS,1,US,8,7,8,8,78.0
PureVPN,199524,GCORE,1,LU,8,3,8,8,88.0
PureVPN,56630,MELBICOM-EU-AS Melbikomas UAB,1,LT,8,2,8,8,88.0
Sentinel dVPN,14315,1GSERVERS,1,US,8,2,8,8,95.0
Sentinel dVPN,34689,HOSTEROID,1,RO,8,3,8,8,95.0
Sentinel dVPN,63473,HOSTHATCH,1,US,8,8,8,8,95.0
StrongVPN,13926,NETPROTECT-PHX,1,US,8,1,8,8,83.8
StrongVPN,203020,HOSTROYALE,1,IN,8,4,8,8,83.8
StrongVPN,55286,SERVER-MANIA,1,CA,8,2,8,8,87.5
StrongVPN,9009,M247,1,RO,8,3,8,8,83.8
VPN Jantit,138915,KAOPU-HK Kaopu Cloud HK Limited,1,HK,8,7,8,8,88.0
VPN Unlimited,32489,AMANAHA-NEW,1,CA,8,6,8,8,70.0
VPN Unlimited,9009,M247,1,RO,8,4,8,8,70.0
VPN.ac,200651,FLOKINET,1,IS,8,2,8,8,95.0
VPN.ac,28753,LEASEWEB-DE-FRA-10,1,DE,8,1,8,8,95.0
VPN.ac,40676,AS40676 - Psychz Networks,1,US,8,4,8,8,95.0
VPNUK,209847,THE,1,NL,8,8,8,8,91.9
WiTopia,33387,NOCIX,1,US,8,2,8,8,95.0
WorldVPN,16276,OVH,2,CA FR,8,8,8,8,88.0
Anonine,11831,ESECUREDATA,1,CA,7,1,7,7,95.0
Anonine,21130,IOMART-IE,1,GB,7,1,7,7,95.0
Anonine,6698,VIRTUALSYSTEMS,1,UA,7,1,7,7,95.0
AnonymousVPN,136258,"ONEPROVIDER-AS BrainStorm Network, Inc",1,CA,7,7,7,7,95.0
Astrill,146943,TIER4CLOU-AS Tier 4 Cloud Services,1,IN,7,2,7,7,78.0
Astrill,25369,BANDWIDTH-AS,1,GB,7,2,7,7,78.0
Astrill,28753,LEASEWEB-DE-FRA-10,1,DE,7,4,7,7,78.0
Astrill,395111,KVCNET-2009,1,US,7,2,7,7,78.0
Astrill,49981,WORLDSTREAM,1,NL,7,2,7,7,78.0
Astrill,62563,AS-GLOBALTELEHOST,1,CA,7,3,7,7,78.3
Astrill,7203,LEASEWEB-USA-SFO,1,US,7,2,7,7,78.6
AzireVPN,42675,OBEHOSTING Obehosting AB,1,SE,7,5,7,7,95.0
BTGuard,43350,NFORCE,1,NL,7,2,7,7,70.0
BoxPN,11831,ESECUREDATA,1,CA,7,1,7,7,95.0
BoxPN,21130,IOMART-IE,1,GB,7,1,7,7,95.0
BoxPN,6698,VIRTUALSYSTEMS,1,UA,7,1,7,7,95.0
EasyHideIP,11831,ESECUREDATA,1,CA,7,1,7,7,95.0
EasyHideIP,21130,IOMART-IE,1,GB,7,1,7,7,95.0
EasyHideIP,6698,VIRTUALSYSTEMS,1,UA,7,1,7,7,95.0
FlowVPN,0,,5,AM CA IT UA US,7,5,7,7,70.0
FlowVPN,20473,AS-VULTR,1,US,7,7,7,7,70.0
FlowVPN,210772,NEWPUSH,1,HU,7,3,7,7,70.0
FrootVPN,11831,ESECUREDATA,1,CA,7,1,7,7,95.0
FrootVPN,21130,IOMART-IE,1,GB,7,1,7,7,95.0
FrootVPN,6698,VIRTUALSYSTEMS,1,UA,7,1,7,7,95.0
GhostPath,0,,5,AU CA GB SG US,7,7,7,7,88.0
GhostPath,57169,EDIS-AS-EU,4,AT BE NL RU,7,5,7,7,88.0
Goosevpn,14061,DIGITALOCEAN-ASN,1,US,7,7,7,7,78.0
Hotspotshield,0,,6,BR CN DE GB US ZA,7,7,7,7,78.0
IPVanish,197706,"KEMINET A datacenter located in TiranaAlbania. Webhosting, Dedicated Servers, VPS, IPv4IPv6 leasing",1,AL,7,1,7,7,95.0
IVPN,60781,LEASEWEB-NL-AMS-01 Netherlands,1,NL,7,4,7,7,95.0
NordVPN,198890,MADCOM-ASN,1,AL,7,1,7,7,95.0
PhantomPeer,14061,DIGITALOCEAN-ASN,1,US,7,7,7,7,88.0
Safervpn,20473,AS-VULTR,1,US,7,7,7,7,78.0
Sentinel dVPN,134677,IDC-AS-AP Dromatics Systems Pte Ltd,1,SG,7,3,7,7,95.0
Sentinel dVPN,42831,"UKSERVERS-AS UK Dedicated Servers, Hosting and Co-Location",1,GB,7,3,7,7,95.0
StrongVPN,174,COGENT-174,1,US,7,4,7,7,86.4
StrongVPN,212238,CDNEXT,1,GB,7,1,7,7,84.3
StrongVPN,42831,"UKSERVERS-AS UK Dedicated Servers, Hosting and Co-Location",1,GB,7,1,7,7,82.1
Surfshark,25369,BANDWIDTH-AS,4,CH FR NL UK,7,5,7,7,95.0
TunnelBear,396356,LATITUDE-SH,1,US,7,1,7,7,95.0
VPN Gate,17676,GIGAINFRA SoftBank Corp.,1,JP,7,7,7,7,78.0
VPN Unlimited,16276,OVH,1,FR,7,6,7,7,70.0
VPN.ac,43350,NFORCE,1,NL,7,5,7,7,95.0
Vpnht,216329,CENTAURUS_AGENA3000,1,FR,7,1,7,7,78.0
WLVPN,197706,"KEMINET A datacenter located in TiranaAlbania. Webhosting, Dedicated Servers, VPS, IPv4IPv6 leasing",1,AL,7,1,7,7,95.0
Windscribe,13213,UK2NET-AS,1,GB,7,3,7,7,95.0
Windscribe,262287,Latitude.sh LTDA,1,BR,7,2,7,7,95.0
Windscribe,396356,LATITUDE-SH,1,US,7,2,7,7,95.0
Zoogvpn,16276,OVH,1,FR,7,7,7,7,78.0
uVPN,16276,OVH,1,FR,7,7,7,7,70.0
Anonine,42926,RADORE,1,TR,6,2,6,6,95.0
Astrill,133752,LEASEWEB-APAC-HKG-10 LEASEWEB HONG KONG LIMITED,1,HK,6,2,6,6,78.0
Astrill,25780,HUGESERVER-NETWORKS,1,US,6,2,6,6,78.0
Astrill,26388,FIBERFI,1,US,6,2,6,6,78.0
Astrill,29302,HSI-EUROPE,1,US,6,2,6,6,78.0
Astrill,396190,LEASEWEB-USA-SEA,1,US,6,2,6,6,78.0
Astrill,396362,LEASEWEB-USA-NYC,1,US,6,2,6,6,78.0
Astrill,397423,TIER-NET,1,US,6,3,6,6,78.0
Astrill,45382,EHOSTIDC-AS-KR Hostcenter,1,KR,6,2,6,6,78.0
Astrill,55720,GIGABIT-MY Gigabit Hosting Sdn Bhd,1,MY,6,1,6,6,78.0
AzireVPN,63473,HOSTHATCH,1,US,6,6,6,6,95.0
BoxPN,42926,RADORE,1,TR,6,2,6,6,95.0
EasyHideIP,42926,RADORE,1,TR,6,2,6,6,95.0
ExpressVPN,41564,AS41564,1,GB,6,4,6,6,70.0
FlowVPN,16276,OVH,1,FR,6,5,6,6,70.0
FrootVPN,42926,RADORE,1,TR,6,2,6,6,95.0
GhostPath,9009,M247,5,FR HK IT RO RS,6,5,6,6,88.0
IPVanish,207990,HR-CUSTOMER,1,IN,6,1,6,6,95.0
Private Internet Access,206804,ESTNOC-GLOBAL,1,EE,6,3,6,6,95.0
Private Internet Access,58065,PACKETEXCHANGE,2,ES GB,6,2,6,6,95.0
PrivateVPN,42675,OBEHOSTING Obehosting AB,1,SE,6,1,6,6,95.0
ProtonVPN,396356,LATITUDE-SH,1,US,6,3,6,6,95.0
PureVPN,1257,TELE2,1,EU,6,1,6,6,88.0
PureVPN,206264,AMARUTU-TECHNOLOGY,1,SC,6,4,6,6,88.0
Sentinel dVPN,11878,TZULO,1,US,6,4,6,6,95.0
Sentinel dVPN,139057,ELD-AS-AP Edgenext Legend Dynasty Pte. Ltd.,1,SG,6,2,6,6,95.0
Sentinel dVPN,24863,LINKdotNET-AS,1,EG,6,2,6,6,95.0
Sentinel dVPN,26286,MYSTICDEVIO,1,US,6,1,6,6,95.0
Sentinel dVPN,29066,VELIANET-AS velia.net Internetdienste GmbH,1,DE,6,3,6,6,95.0
Sentinel dVPN,396073,MAJESTIC-HOSTING-01,1,US,6,2,6,6,95.0
Sentinel dVPN,401486,RAVNIX,1,US,6,3,6,6,95.0
Sentinel dVPN,51167,CONTABO,1,DE,6,6,6,6,95.0
StrongVPN,13737,AS-INCX,1,US,6,1,6,6,80.0
Surfshark,397423,TIER-NET,1,US,6,4,6,6,95.0
TunnelBear,36352,AS-COLOCROSSING,1,US,6,2,6,6,95.0
VPN Jantit,204957,GREENFLOID-AS,1,US,6,6,6,6,88.0
VPN Unlimited,25467,AKTON-AS Akton Autonomous System,1,SI,6,2,6,6,70.0
VPN Unlimited,61138,ZAPPIE-HOST-AS Zappie Host,1,US,6,3,6,6,70.0
VPN.ac,7040,NETMINDERS,1,CA,6,1,6,6,95.0
VPNObratno,12389,ROSTELECOM-AS PJSC Rostelecom. Technical Team,1,RU,6,6,6,6,88.0
WLVPN,207990,HR-CUSTOMER,1,IN,6,1,6,6,95.0
Windscribe,132335,LEAPSWITCH-IN-AS-AP LEAPSWITCH NETWORKS PRIVATE LIMITED,1,IN,6,1,6,6,95.0
Windscribe,15805,SKYNET-CY-AS,1,CY,6,2,6,6,95.0
Windscribe,198890,MADCOM-ASN,1,AL,6,1,6,6,95.0
Windscribe,201201,DATALOGISTICS,1,LT,6,2,6,6,95.0
Windscribe,3462,HINET Data Communication Business Group,1,TW,6,2,6,6,95.0
Windscribe,35758,HQSERV_NETWORKS,1,IL,6,2,6,6,95.0
Windscribe,398779,ACEHOST,1,US,6,2,6,6,95.0
Windscribe,40676,AS40676 - Psychz Networks,1,US,6,2,6,6,95.0
Windscribe,43289,TRABIA,1,MD,6,3,6,6,95.0
Windscribe,45899,VNPT-AS-VN VNPT Corp,1,VN,6,1,6,6,95.0
Windscribe,46562,PERFORMIVE,1,US,6,2,6,6,95.0
Windscribe,51430,ALTUS,1,NL,6,2,6,6,95.0
Windscribe,52048,RIXHOST,1,LV,6,2,6,6,95.0
Windscribe,54133,UNMETERED,1,CA,6,1,6,6,95.0
Windscribe,56309,"SIAMDATA-TH Siamdata Communication Co.,Ltd.",1,TH,6,2,6,6,95.0
Windscribe,58065,PACKETEXCHANGE,1,GB,6,2,6,6,95.0
Windscribe,63023,AS-GLOBALTELEHOST,1,US,6,1,6,6,95.0
Windscribe,6866,CYTA-NETWORK Internet Services,1,CY,6,1,6,6,95.0
Windscribe,7201,AS-NETWORKEDGE,1,US,6,1,6,6,95.0
Zoogvpn,138915,KAOPU-HK Kaopu Cloud HK Limited,1,HK,6,6,6,6,78.0
Zoogvpn,9009,M247,1,RO,6,6,6,6,78.0
Anonine,133398,TELE-AS Tele Asia Limited,1,HK,5,1,5,5,95.0
Anonine,20860,IOMART-AS,1,GB,5,1,5,5,95.0
Anonine,262287,Latitude.sh LTDA,1,BR,5,1,5,5,95.0
Anonine,45382,EHOSTIDC-AS-KR Hostcenter,1,KR,5,1,5,5,95.0
Anonine,45839,SHINJIRU-MY-AS-AP Shinjiru Technology Sdn Bhd,1,MY,5,1,5,5,95.0
Anonine,51765,CREANOVA-AS Oy Creanova Hosting Solutions Ltd.,1,FI,5,2,5,5,95.0
Anonine,51852,PLI-AS,1,PA,5,1,5,5,95.0
Anonine,52423,Data Miners S.A.  Racknation.cr,1,CR,5,1,5,5,95.0
Anonine,54643,IDIGITAL,1,CA,5,1,5,5,95.0
Anonine,56655,GIGAHOST,1,NO,5,1,5,5,95.0
Anonine,62563,AS-GLOBALTELEHOST,1,CA,5,1,5,5,95.0
Anonine,62904,AS62904 - Eonix Corporation,1,US,5,1,5,5,95.0
Astrill,19148,LEASEWEB-USA-PHX,1,US,5,2,5,5,78.4
Astrill,20454,SSASN2,1,US,5,2,5,5,78.0
Astrill,214226,WEBENLET-AS,1,HU,5,1,5,5,78.0
Astrill,23470,RELIABLESITE,1,US,5,3,5,5,78.8
Astrill,27411,LEASEWEB-USA-CHI,1,US,5,2,5,5,78.0
Astrill,34989,SERVETHEWORLD-AS,1,NO,5,3,5,5,78.0
Astrill,394380,LEASEWEB-USA-DAL,1,US,5,3,5,5,78.0
Astrill,51765,CREANOVA-AS Oy Creanova Hosting Solutions Ltd.,1,FI,5,2,5,5,78.0
Astrill,61493,InterBS S.R.L. BAEHOST,1,AR,5,1,5,5,78.0
BoxPN,133398,TELE-AS Tele Asia Limited,1,HK,5,1,5,5,95.0
BoxPN,20860,IOMART-AS,1,GB,5,1,5,5,95.0
BoxPN,262287,Latitude.sh LTDA,1,BR,5,1,5,5,95.0
BoxPN,45382,EHOSTIDC-AS-KR Hostcenter,1,KR,5,1,5,5,95.0
BoxPN,45839,SHINJIRU-MY-AS-AP Shinjiru Technology Sdn Bhd,1,MY,5,1,5,5,95.0
BoxPN,51765,CREANOVA-AS Oy Creanova Hosting Solutions Ltd.,1,FI,5,2,5,5,95.0
BoxPN,51852,PLI-AS,1,PA,5,1,5,5,95.0
BoxPN,52423,Data Miners S.A.  Racknation.cr,1,CR,5,1,5,5,95.0
BoxPN,54643,IDIGITAL,1,CA,5,1,5,5,95.0
BoxPN,56655,GIGAHOST,1,NO,5,1,5,5,95.0
BoxPN,62563,AS-GLOBALTELEHOST,1,CA,5,1,5,5,95.0
BoxPN,62904,AS62904 - Eonix Corporation,1,US,5,1,5,5,95.0
EasyHideIP,12876,Online SAS,1,FR,5,2,5,5,95.0
EasyHideIP,133398,TELE-AS Tele Asia Limited,1,HK,5,1,5,5,95.0
EasyHideIP,262287,Latitude.sh LTDA,1,BR,5,1,5,5,95.0
EasyHideIP,45382,EHOSTIDC-AS-KR Hostcenter,1,KR,5,1,5,5,95.0
EasyHideIP,45839,SHINJIRU-MY-AS-AP Shinjiru Technology Sdn Bhd,1,MY,5,1,5,5,95.0
EasyHideIP,51765,CREANOVA-AS Oy Creanova Hosting Solutions Ltd.,1,FI,5,2,5,5,95.0
EasyHideIP,51852,PLI-AS,1,PA,5,1,5,5,95.0
EasyHideIP,52423,Data Miners S.A.  Racknation.cr,1,CR,5,1,5,5,95.0
EasyHideIP,54643,IDIGITAL,1,CA,5,1,5,5,95.0
EasyHideIP,56655,GIGAHOST,1,NO,5,1,5,5,95.0
EasyHideIP,62563,AS-GLOBALTELEHOST,1,CA,5,1,5,5,95.0
EasyHideIP,62904,AS62904 - Eonix Corporation,1,US,5,1,5,5,95.0
FastestVPN,3170,VELOXSERV,2,GB UK,5,2,5,5,95.0
FlowVPN,20860,IOMART-AS,1,GB,5,4,5,5,70.0
FlowVPN,9009,M247,1,RO,5,4,5,5,70.0
Freedomip,41652,SAS-SHPV-FRANCE,1,FR,5,1,5,5,78.0
FrootVPN,12876,Online SAS,1,FR,5,2,5,5,95.0
FrootVPN,133398,TELE-AS Tele Asia Limited,1,HK,5,1,5,5,95.0
FrootVPN,262287,Latitude.sh LTDA,1,BR,5,1,5,5,95.0
FrootVPN,36666,GTCOMM,1,CA,5,1,5,5,95.0
FrootVPN,45382,EHOSTIDC-AS-KR Hostcenter,1,KR,5,1,5,5,95.0
FrootVPN,45839,SHINJIRU-MY-AS-AP Shinjiru Technology Sdn Bhd,1,MY,5,1,5,5,95.0
FrootVPN,51765,CREANOVA-AS Oy Creanova Hosting Solutions Ltd.,1,FI,5,2,5,5,95.0
FrootVPN,51852,PLI-AS,1,PA,5,1,5,5,95.0
FrootVPN,52423,Data Miners S.A.  Racknation.cr,1,CR,5,1,5,5,95.0
FrootVPN,54643,IDIGITAL,1,CA,5,1,5,5,95.0
FrootVPN,56655,GIGAHOST,1,NO,5,1,5,5,95.0
FrootVPN,62563,AS-GLOBALTELEHOST,1,CA,5,1,5,5,95.0
FrootVPN,62904,AS62904 - Eonix Corporation,1,US,5,1,5,5,95.0
HideIPVPN,20860,IOMART-AS,1,GB,5,5,5,5,70.0
Hotspotshield,212238,CDNEXT,1,GB,5,5,5,5,78.0
Hotspotshield,46450,PILOT,1,US,5,5,5,5,78.0
IPVanish,51430,ALTUS,1,NL,5,1,5,5,95.0
Kompot VPN,201814,MEVSPACE,1,PL,5,2,5,5,80.0
Kompot VPN,209847,THE,1,NL,5,4,5,5,80.0
Kompot VPN,48716,PSKZ-ALA,1,KZ,5,4,5,5,70.0
Le VPN,202422,GHOST,1,LU,5,5,5,5,70.0
NordVPN,12876,Online SAS,1,FR,5,5,5,5,95.0
NordVPN,58065,PACKETEXCHANGE,1,GB,5,2,5,5,95.0
Private Internet Access,41564,AS41564,1,GB,5,1,5,5,95.0
Private Internet Access,62240,CLOUVIDER Clouvider - Global ASN,1,US,5,1,5,5,95.0
PrivateVPN,18747,IFX18747,5,AR CL MX PA US,5,5,5,5,95.0
ProtonVPN,215224,NOVOSERVE-CUSTOMERS-AS NovoServe Customers ASN,1,NL,5,1,5,5,95.0
PureVPN,25369,BANDWIDTH-AS,1,GB,5,2,5,5,88.0
PureVPN,3223,VOXILITY,1,GB,5,3,5,5,88.0
PureVPN,36352,AS-COLOCROSSING,1,US,5,2,5,5,88.0
PureVPN,60068,CDN77 _,1,GB,5,4,5,5,88.0
PureVPN,7040,NETMINDERS,1,CA,5,2,5,5,88.0
Safervpn,14061,DIGITALOCEAN-ASN,1,US,5,4,5,5,78.0
Safervpn,57169,EDIS-AS-EU,1,AT,5,5,5,5,78.0
Sentinel dVPN,142036,HOSTEONS-AS-AP Hosteons Pte. Ltd.,1,SG,5,4,5,5,95.0
Sentinel dVPN,149020,WEBHORIZON-AS-AP WebHorizon Internet Services,1,SG,5,5,5,5,95.0
Sentinel dVPN,211507,"LAIN we love lain, cats and the world wide web",1,DE,5,4,5,5,95.0
Sentinel dVPN,213169,AS-CATIXS-AKA,1,GB,5,4,5,5,95.0
Sentinel dVPN,215155,HALIL-OMER-TEKIN,1,TR,5,1,5,5,95.0
Sentinel dVPN,215362,PROMO-PLUS,1,RO,5,2,5,5,95.0
Sentinel dVPN,215467,SKHRON Skhron OU: skhron.eu,1,EE,5,2,5,5,95.0
Sentinel dVPN,3132,Red Cientifica Peruana,1,PE,5,2,5,5,95.0
Sentinel dVPN,32489,AMANAHA-NEW,1,CA,5,2,5,5,95.0
Sentinel dVPN,397032,SPARKED,1,US,5,2,5,5,95.0
Sentinel dVPN,397735,NETWIRE-INC,1,CA,5,1,5,5,95.0
Sentinel dVPN,42926,RADORE,1,TR,5,1,5,5,95.0
Surfshark,62240,CLOUVIDER Clouvider - Global ASN,2,UK US,5,5,5,5,95.0
SwitchVPN,31708,"COREIX-UK-AS London, Great Britain",1,GB,5,4,5,5,88.0
SwitchVPN,49367,ASSEFLOW,1,IT,5,1,5,5,88.0
SwitchVPN,60781,LEASEWEB-NL-AMS-01 Netherlands,1,NL,5,2,5,5,88.0
Trust.Zone,47447,TTM,1,DE,5,2,5,5,70.0
TunnelBear,13213,UK2NET-AS,1,GB,5,2,5,5,95.0
VPN Jantit,14061,DIGITALOCEAN-ASN,1,US,5,5,5,5,88.0
VPN Jantit,209847,THE,1,NL,5,5,5,5,88.0
VPN Jantit,59211,ONEASIAHOST OneAsiaHost,1,SG,5,2,5,5,88.0
VPN Jantit,63023,AS-GLOBALTELEHOST,1,US,5,5,5,5,88.0
VPN Unlimited,11831,ESECUREDATA,1,CA,5,1,5,5,70.0
VPN Unlimited,63018,DEDICATED,1,US,5,1,5,5,70.0
VPN.ac,202425,INT-NETWORK,1,SC,5,2,5,5,95.0
VPN.ac,51430,ALTUS,1,NL,5,3,5,5,95.0
Vpnfacile,16276,OVH,1,FR,5,3,5,5,78.0
Vpnht,204044,ONLYSERVERS Dedicated Server Hosting Provider,1,GB,5,1,5,5,78.0
Vpnht,42473,AS-ANEXIA ANEXIA Internetdienstleistungs GmbH,1,AT,5,1,5,5,78.0
WLVPN,51430,ALTUS,1,NL,5,1,5,5,95.0
WiTopia,132335,LEAPSWITCH-IN-AS-AP LEAPSWITCH NETWORKS PRIVATE LIMITED,1,IN,5,1,5,5,95.0
WiTopia,13445,WEBEX,1,US,5,1,5,5,95.0
WiTopia,146943,TIER4CLOU-AS Tier 4 Cloud Services,1,IN,5,1,5,5,95.0
WiTopia,19148,LEASEWEB-USA-PHX,1,US,5,1,5,5,95.0
WiTopia,20860,IOMART-AS,1,GB,5,1,5,5,95.0
WiTopia,25369,BANDWIDTH-AS,1,GB,5,1,5,5,95.0
WiTopia,262287,Latitude.sh LTDA,1,BR,5,1,5,5,95.0
WiTopia,26388,FIBERFI,1,US,5,1,5,5,95.0
WiTopia,397373,H4Y-TECHNOLOGIES,1,US,5,1,5,5,95.0
WiTopia,40676,AS40676 - Psychz Networks,1,US,5,1,5,5,95.0
WiTopia,45382,EHOSTIDC-AS-KR Hostcenter,1,KR,5,1,5,5,95.0
WiTopia,4986,INTERSTAR,1,US,5,1,5,5,95.0
WiTopia,52048,RIXHOST,1,LV,5,1,5,5,95.0
WiTopia,55720,GIGABIT-MY Gigabit Hosting Sdn Bhd,1,MY,5,1,5,5,95.0
WiTopia,56067,METRABYTE-TH 453 Ladplacout Jorakhaebua,1,TH,5,1,5,5,95.0
WiTopia,59787,WEBHS WEBSP LDA,1,PT,5,1,5,5,95.0
WiTopia,60781,LEASEWEB-NL-AMS-01 Netherlands,1,NL,5,1,5,5,95.0
WiTopia,61272,IST-AS,1,LT,5,1,5,5,95.0
WiTopia,7488,CNSERVER-AP-AS CNServer LLC,1,US,5,1,5,5,95.0
WorldVPN,15626,GF-UA,1,UA,5,3,5,5,88.0
WorldVPN,31034,ARUBA-ASN,1,IT,5,3,5,5,88.0
WorldVPN,50979,ITL-LV,1,LV,5,3,5,5,88.0
WorldVPN,56594,CB-BYO-IP,1,NL,5,1,5,5,88.0
WorldVPN,59729,ITL-BG,1,BG,5,3,5,5,88.0
Zoogvpn,40676,AS40676 - Psychz Networks,1,US,5,3,5,5,78.0
AirVPN,133480,INT-5GN-AS-AP 5G NETWORK OPERATIONS PTY LTD,1,AU,4,1,4,4,95.0
AirVPN,206804,ESTNOC-GLOBAL,1,EE,4,1,4,4,95.0
AirVPN,55720,GIGABIT-MY Gigabit Hosting Sdn Bhd,1,MY,4,1,4,4,95.0
Anonine,12876,Online SAS,1,FR,4,2,4,4,95.0
Anonine,36666,GTCOMM,1,CA,4,1,4,4,95.0
Anonvpn,0,,1,MU,4,4,4,4,78.0
Astrill,134094,"SERVERFIELD-AS Serverfield Co., Ltd.",1,TW,4,1,4,4,78.0
Astrill,16125,CHERRYSERVERS1-AS,1,LT,4,2,4,4,78.0
Astrill,197071,ACTIVE-SERVERS active-servers.com,1,DE,4,1,4,4,78.0
Astrill,20278,NEXEON,1,US,4,2,4,4,78.0
Astrill,207134,PHOENIXNAP-SRB,1,US,4,2,4,4,78.0
Astrill,29802,HVC-AS,1,US,4,1,4,4,78.0
Astrill,30083,AS-30083-US-VELIA-NET,1,DE,4,3,4,4,78.0
Astrill,3214,XTOM xTom GmbH,1,DE,4,1,4,4,78.0
Astrill,3216,SOVAM-AS,1,RU,4,1,4,4,78.0
Astrill,3257,GTT-BACKBONE GTT,1,US,4,2,4,4,78.0
Astrill,395839,HOSTKEY-USA,1,US,4,1,4,4,78.0
Astrill,397391,HON-ASN,1,US,4,1,4,4,78.0
Astrill,42831,"UKSERVERS-AS UK Dedicated Servers, Hosting and Co-Location",1,GB,4,1,4,4,78.0
Astrill,43289,TRABIA,1,MD,4,2,4,4,78.0
Astrill,4766,KIXS-AS-KR Korea Telecom,1,KR,4,1,4,4,78.0
Astrill,49367,ASSEFLOW,1,IT,4,1,4,4,78.0
Astrill,57169,EDIS-AS-EU,1,AT,4,1,4,4,78.5
Astrill,59253,LEASEWEB-APAC-SIN-11 LEASEWEB SINGAPORE PTE. LTD.,1,SG,4,2,4,4,78.0
Astrill,7040,NETMINDERS,1,CA,4,1,4,4,78.0
Astrill,8560,"IONOS-AS This is the joint network for IONOS, Fasthosts, Arsys, 1&1 Mail and Media and 1&1 Telecom. Formerly known as 1&1 Internet SE.",1,DE,4,2,4,4,78.0
Astrill,9008,ASN-VO Visual Online S.A. Luxembourg,1,LU,4,2,4,4,78.0
Astrill,9294,GNETINC-AS-AP GNET INC.,1,US,4,4,4,4,78.0
Astrill,9304,HUTCHISON-AS-AP HGC Global Communications Limited,1,HK,4,1,4,4,78.0
Astrill,9790,TWO-DEGREES-AS-AP Two Degrees Networks Limited,1,NZ,4,1,4,4,78.0
AzireVPN,11878,TZULO,1,US,4,4,4,4,95.0
AzireVPN,1299,"TWELVE99 Arelion, fka Telia Carrier",1,SE,4,2,4,4,95.0
AzireVPN,6206,NETROUTING-AS,1,NL,4,4,4,4,95.0
BoxPN,12876,Online SAS,1,FR,4,2,4,4,95.0
BoxPN,36666,GTCOMM,1,CA,4,1,4,4,95.0
CCrypto VPN,16276,OVH,1,FR,4,4,4,4,88.0
CactusVPN,20860,IOMART-AS,1,UK,4,2,4,4,95.0
EasyHideIP,36666,GTCOMM,1,CA,4,1,4,4,95.0
ExpressVPN,29066,VELIANET-AS velia.net Internetdienste GmbH,1,DE,4,2,4,4,70.0
ExpressVPN,40676,AS40676 - Psychz Networks,1,US,4,2,4,4,70.0
ExpressVPN,42831,"UKSERVERS-AS UK Dedicated Servers, Hosting and Co-Location",1,GB,4,3,4,4,67.5
FlowVPN,16509,AMAZON-02,1,US,4,4,4,4,70.0
FlowVPN,210756,EDGECENTERLLC,1,RU,4,2,4,4,70.0
FlowVPN,211552,CIVO-UK,1,GB,4,2,4,4,70.0
FlowVPN,212336,BYTEVIRTLLC,1,US,4,1,4,4,70.0
FlowVPN,34927,IFOG-GMBH,1,CH,4,2,4,4,70.0
FlowVPN,42422,SECURITYNET-AS,1,CZ,4,4,4,4,70.0
FlowVPN,63150,BAGE,1,US,4,1,4,4,70.0
GhostPath,36352,AS-COLOCROSSING,1,US,4,4,4,4,88.0
KevinVPN,62240,CLOUVIDER Clouvider - Global ASN,1,GB,4,3,4,4,70.0
Kompot VPN,215540,GCS-AS,1,GB,4,4,4,4,80.0
Kompot VPN,9123,TIMEWEB-AS,1,RU,4,3,4,4,70.0
Le VPN,57169,EDIS-AS-EU,1,AT,4,4,4,4,70.0
MoriVPN,31898,ORACLE-BMC-31898,1,US,4,4,4,4,80.0
Mullvad,23959,OWL-AS-AP Owl Limited,1,VU,4,1,4,4,95.0
Mullvad,394256,CLOUDSINGULARITY,1,CA,4,2,4,4,95.0
NordVPN,62874,WEB2OBJECTS,1,US,4,1,4,4,95.0
NordVPN,64249,ENDOFFICE,1,US,4,1,4,4,95.0
NordVPN,812,ROGERS-COMMUNICATIONS,1,CA,4,1,4,4,95.0
NordVPN,8881,VERSATEL,1,DE,4,1,4,4,95.0
Private Internet Access,18345,SERVERS-AUS-CUST Servers Australia Customers,1,AU,4,1,4,4,95.0
PrivateVPN,21859,ZEN-ECN,4,ID MY PH US,4,4,4,4,93.2
PrivateVPN,50599,Autonomous System for Dataspace P.S.A.,1,PL,4,3,4,4,95.0
PureVPN,136557,HOST-AS-AP Host Universal Pty Ltd,1,AU,4,1,4,4,88.0
PureVPN,197706,"KEMINET A datacenter located in TiranaAlbania. Webhosting, Dedicated Servers, VPS, IPv4IPv6 leasing",1,AL,4,2,4,4,88.0
PureVPN,203020,HOSTROYALE,1,IN,4,1,4,4,88.0
PureVPN,43289,TRABIA,1,MD,4,2,4,4,88.0
PureVPN,51430,ALTUS,1,NL,4,3,4,4,88.0
RedShield VPN,9009,M247,1,RO,4,4,4,4,95.0
Sentinel dVPN,136557,HOST-AS-AP Host Universal Pty Ltd,1,AU,4,3,4,4,95.0
Sentinel dVPN,153393,RACKVOLT-AS-AP RACKVOLT CLOUD SOLUTIONS PRIVATE LIMITED,1,IN,4,2,4,4,95.0
Sentinel dVPN,214279,DASABO,1,EE,4,4,4,4,95.0
Sentinel dVPN,214481,WCZAPKOWICZ-AS as214481as-wczapkowicz Chunkserve Backbone Transit,1,PL,4,4,4,4,95.0
Sentinel dVPN,216300,ABKHAZMEDIA-AS,1,GE,4,3,4,4,95.0
Sentinel dVPN,26383,ASNET,1,US,4,4,4,4,95.0
Sentinel dVPN,3170,VELOXSERV,1,GB,4,1,4,4,95.0
Sentinel dVPN,31898,ORACLE-BMC-31898,1,US,4,4,4,4,95.0
Sentinel dVPN,32181,ASN-GIGENET,1,US,4,3,4,4,95.0
Sentinel dVPN,3462,HINET Data Communication Business Group,1,TW,4,4,4,4,95.0
Sentinel dVPN,46475,LIMESTONENETWORKS,1,US,4,4,4,4,95.0
Sentinel dVPN,48753,AVAHOHST,1,MD,4,1,4,4,95.0
Sentinel dVPN,49392,ASBAXETN,1,RU,4,4,4,4,95.0
Sentinel dVPN,6057,Administracion Nacional de Telecomunicaciones,1,UY,4,1,4,4,95.0
StrongVPN,206804,ESTNOC-GLOBAL,1,EE,4,1,4,4,83.8
Surfshark,39486,HOSTROYALE,2,FR PT,4,2,4,4,95.0
VPN Gate,2527,SO-NET Sony Network Communications Inc.,1,JP,4,4,4,4,78.0
VPN Jantit,140599,COMFACCORPORATION-AS-AP COMFAC CORPORATION,1,PH,4,3,4,4,88.0
VPN Jantit,8560,"IONOS-AS This is the joint network for IONOS, Fasthosts, Arsys, 1&1 Mail and Media and 1&1 Telecom. Formerly known as 1&1 Internet SE.",1,DE,4,4,4,4,88.0
VPN Unlimited,15626,GF-UA,1,US,4,1,4,4,70.0
VPN Unlimited,24961,MYLOC-AS IP Backbone of WIIT AG formerly myLoc managed IT AG,1,DE,4,2,4,4,70.0
VPN Unlimited,31034,ARUBA-ASN,1,IT,4,3,4,4,70.0
VPN Unlimited,40676,AS40676 - Psychz Networks,1,US,4,1,4,4,70.0
VPN Unlimited,48894,OPTIMUS-AS,1,SI,4,2,4,4,70.0
VPN.ac,29802,HVC-AS,1,US,4,2,4,4,95.0
VPN.ac,42831,"UKSERVERS-AS UK Dedicated Servers, Hosting and Co-Location",1,GB,4,1,4,4,95.0
VPN.ac,59253,LEASEWEB-APAC-SIN-11 LEASEWEB SINGAPORE PTE. LTD.,1,SG,4,1,4,4,95.0
VPNSTunnel,14061,DIGITALOCEAN-ASN,1,US,4,4,4,4,88.0
VPNUK,42831,"UKSERVERS-AS UK Dedicated Servers, Hosting and Co-Location",1,GB,4,4,4,4,70.0
WiTopia,18779,EGIHOSTING,1,US,4,1,4,4,95.0
WiTopia,49367,ASSEFLOW,1,IT,4,1,4,4,95.0
WiTopia,50340,SELECTEL-MSK,1,RU,4,1,4,4,95.0
WiTopia,50613,THORDC-AS,1,IS,4,1,4,4,95.0
WiTopia,51765,CREANOVA-AS Oy Creanova Hosting Solutions Ltd.,1,FI,4,1,4,4,95.0
WiTopia,51852,PLI-AS,1,PA,4,1,4,4,95.0
WiTopia,61102,INTERHOST,1,IL,4,1,4,4,95.0
WiTopia,7552,VIETEL-AS-AP Viettel Group,1,VN,4,1,4,4,95.0
WiTopia,7979,SERVERS-COM,1,US,4,1,4,4,95.0
Windscribe,200698,GLOBALHOST-BOSNIA-AS,1,BA,4,3,4,4,95.0
Zoogvpn,209847,THE,1,NL,4,4,4,4,78.0
AnonymousVPN,53363,TANGRAM-CANADA-INC,1,CA,3,2,3,3,95.0
Astrill,12876,Online SAS,1,FR,3,1,3,3,78.0
Astrill,135905,VNPT-AS-VN VIETNAM POSTS AND TELECOMMUNICATIONS GROUP,1,VN,3,1,3,3,78.0
Astrill,13737,AS-INCX,1,US,3,1,3,3,78.0
Astrill,150315,VCL-AS-AP Virtury Cloud Private Limited,1,PK,3,1,3,3,78.0
Astrill,199081,LANCOM Athens - Greece,1,GR,3,1,3,3,78.0
Astrill,200698,GLOBALHOST-BOSNIA-AS,1,BA,3,2,3,3,78.0
Astrill,201924,LERTAS-AS,1,SK,3,1,3,3,78.0
Astrill,203003,MAGNA-CAPAX,1,FI,3,1,3,3,78.0
Astrill,206446,CLOUDLEASE,1,IL,3,1,3,3,78.0
Astrill,206804,ESTNOC-GLOBAL,1,EE,3,1,3,3,78.0
Astrill,21409,IKOULA,1,FR,3,1,3,3,78.0
Astrill,24768,ALMOUROLTEC,1,PT,3,1,3,3,78.0
Astrill,24940,HETZNER-AS,1,DE,3,1,3,3,78.0
Astrill,26042,FIBERSTATE,1,US,3,1,3,3,78.0
Astrill,262287,Latitude.sh LTDA,1,BR,3,1,3,3,78.7
Astrill,27323,SERVERSTADIUM,1,US,3,1,3,3,78.0
Astrill,30736,ASERGO-AS,1,DK,3,3,3,3,78.0
Astrill,30860,YURTEH-AS,1,UA,3,1,3,3,78.0
Astrill,30900,WEBWORLD-AS ta Web World Ireland,1,IE,3,1,3,3,78.7
Astrill,32489,AMANAHA-NEW,1,CA,3,1,3,3,78.0
Astrill,33387,NOCIX,1,US,3,1,3,3,78.0
Astrill,34224,NETERRA-AS,1,BG,3,1,3,3,78.0
Astrill,37153,xneelo,1,ZA,3,2,3,3,78.0
Astrill,396073,MAJESTIC-HOSTING-01,1,US,3,2,3,3,78.0
Astrill,400061,IGNERO,1,SG,3,1,3,3,78.7
Astrill,40156,THEOPT-HOU,1,US,3,2,3,3,78.0
Astrill,41378,KIRINONET,1,US,3,1,3,3,78.0
Astrill,43350,NFORCE,1,NL,3,1,3,3,78.0
Astrill,44709,CLOUDWEBMANAGE-,1,IL,3,1,3,3,78.0
Astrill,44901,BELCLOUD Premium IP transit network,1,BG,3,1,3,3,78.0
Astrill,45839,SHINJIRU-MY-AS-AP Shinjiru Technology Sdn Bhd,1,MY,3,1,3,3,78.0
Astrill,46573,VAULT-HOST,1,US,3,2,3,3,78.0
Astrill,49770,INTERNETPORT-AS,1,SE,3,1,3,3,78.0
Astrill,51430,ALTUS,1,NL,3,1,3,3,78.0
Astrill,51852,PLI-AS,1,PA,3,3,3,3,78.0
Astrill,53755,IOFLOOD,1,US,3,1,3,3,78.0
Astrill,55154,MADGEN-01,1,US,3,1,3,3,78.0
Astrill,56322,SERVERASTRA-AS,1,HU,3,3,3,3,78.0
Astrill,59895,BINARYRACKS-AS,1,GB,3,1,3,3,78.0
Astrill,60781,LEASEWEB-NL-AMS-01 Netherlands,1,NL,3,1,3,3,78.0
CactusVPN,62005,BV-EU-AS,3,ES IT NL,3,3,3,3,95.0
ExpressVPN,197706,"KEMINET A datacenter located in TiranaAlbania. Webhosting, Dedicated Servers, VPS, IPv4IPv6 leasing",1,AL,3,3,3,3,70.0
ExpressVPN,46475,LIMESTONENETWORKS,1,US,3,1,3,3,70.0
ExpressVPN,61272,IST-AS,1,LT,3,2,3,3,70.0
FlowVPN,138915,KAOPU-HK Kaopu Cloud HK Limited,1,HK,3,3,3,3,70.0
FlowVPN,140599,COMFACCORPORATION-AS-AP COMFAC CORPORATION,1,PH,3,3,3,3,70.0
FlowVPN,26383,ASNET,1,US,3,3,3,3,70.0
FlowVPN,27823,Dattatec.com,1,AR,3,3,3,3,70.0
FlowVPN,63473,HOSTHATCH,1,US,3,2,3,3,70.0
FlowVPN,9318,SKB-AS SK Broadband Co Ltd,1,KR,3,3,3,3,70.0
Froot,29889,FSNET-1,1,US,3,2,3,3,78.0
GhostPath,42708,GLESYS glesys.com,1,SE,3,3,3,3,88.0
GhostPath,62296,VITALNG,1,US,3,1,3,3,88.0
Goosevpn,41887,PROLOCATION Prolocation,1,NL,3,1,3,3,78.0
HideIPVPN,60781,LEASEWEB-NL-AMS-01 Netherlands,1,NL,3,2,3,3,70.0
IVPN,206804,ESTNOC-GLOBAL,1,EE,3,3,3,3,95.0
IVPN,32489,AMANAHA-NEW,1,CA,3,2,3,3,95.0
IVPN,51852,PLI-AS,1,PA,3,2,3,3,95.0
IVPN,55720,GIGABIT-MY Gigabit Hosting Sdn Bhd,1,MY,3,3,3,3,95.0
Ivacy,1257,TELE2,1,EE,3,1,3,3,95.0
Ivacy,136557,HOST-AS-AP Host Universal Pty Ltd,1,AU,3,1,3,3,95.0
KevinVPN,27284,FOURPLEX-ASN,1,US,3,2,3,3,70.0
KeyDrop,198610,BEGET-AS,1,RU,3,3,3,3,70.0
KeyDrop,216071,VDSINA,1,AE,3,3,3,3,70.0
KeyDrop,9123,TIMEWEB-AS,1,RU,3,3,3,3,70.0
Kompot VPN,204044,ONLYSERVERS Dedicated Server Hosting Provider,1,GB,3,1,3,3,80.0
Kompot VPN,207713,GIR-AS,1,RU,3,1,3,3,70.0
Mullvad,25737,JONE,1,US,3,1,3,3,95.0
Mullvad,51765,CREANOVA-AS Oy Creanova Hosting Solutions Ltd.,1,FI,3,1,3,3,95.0
Mullvad,9312,XTOM xTom,1,HK,3,1,3,3,95.0
NordVPN,43289,TRABIA,1,MD,3,1,3,3,95.0
Private Internet Access,197706,"KEMINET A datacenter located in TiranaAlbania. Webhosting, Dedicated Servers, VPS, IPv4IPv6 leasing",1,AL,3,1,3,3,95.0
Private Internet Access,51430,ALTUS,1,NL,3,1,3,3,95.0
Private Internet Access,61272,IST-AS,1,LT,3,1,3,3,95.0
Private Internet Access,6461,ZAYO-6461,1,US,3,2,3,3,95.0
PrivateVPN,133480,INT-5GN-AS-AP 5G NETWORK OPERATIONS PTY LTD,1,AU,3,3,3,3,90.3
PrivateVPN,199524,GCORE,3,IL KR LU,3,3,3,3,90.3
ProtonVPN,25369,BANDWIDTH-AS,1,GB,3,2,3,3,95.0
ProtonVPN,7979,SERVERS-COM,1,US,3,2,3,3,95.0
Proxpn,0,,1,MU,3,2,3,3,78.0
Proxpn,20473,AS-VULTR,1,US,3,3,3,3,78.0
Riseup VPN,16652,RISEUP,1,US,3,3,3,3,95.0
Safervpn,136258,"ONEPROVIDER-AS BrainStorm Network, Inc",1,CA,3,3,3,3,78.0
Sentinel dVPN,12322,PROXAD,1,FR,3,3,3,3,95.0
Sentinel dVPN,138915,KAOPU-HK Kaopu Cloud HK Limited,1,HK,3,3,3,3,95.0
Sentinel dVPN,141995,CAPL-AS-AP Contabo Asia Private Limited,1,SG,3,3,3,3,95.0
Sentinel dVPN,150623,HOSTPAT-AS-IN HOSTDZIRE WEB SERVICES PRIVATE LIMITED,1,IN,3,2,3,3,95.0
Sentinel dVPN,202448,MVPS www.mvps.net,1,CY,3,3,3,3,95.0
Sentinel dVPN,203090,COOPNORGE,1,GB,3,3,3,3,95.0
Sentinel dVPN,208226,OUIHEBERG,1,FR,3,3,3,3,95.0
Sentinel dVPN,209604,TWO-E-TELEKOM,1,TR,3,3,3,3,95.0
Sentinel dVPN,212477,ROYALE-AS,1,NL,3,3,3,3,95.0
Sentinel dVPN,214639,ITM NORD AS,1,NO,3,2,3,3,95.0
Sentinel dVPN,215607,DF-TRANSIT,1,DE,3,1,3,3,95.0
Sentinel dVPN,215960,HEARTBEAT-IT,1,DE,3,2,3,3,95.0
Sentinel dVPN,25693,VIRMACH,1,US,3,3,3,3,95.0
Sentinel dVPN,26042,FIBERSTATE,1,US,3,2,3,3,95.0
Sentinel dVPN,27823,Dattatec.com,1,AR,3,2,3,3,95.0
Sentinel dVPN,3214,XTOM xTom GmbH,1,DE,3,3,3,3,95.0
Sentinel dVPN,40676,AS40676 - Psychz Networks,1,US,3,2,3,3,95.0
Sentinel dVPN,60117,HS,1,AE,3,2,3,3,95.0
Sentinel dVPN,9198,KAZTELECOM-AS,1,KZ,3,1,3,3,95.0
SmartVPN,14061,DIGITALOCEAN-ASN,1,US,3,3,3,3,88.0
SmartVPN,36666,GTCOMM,1,CA,3,3,3,3,88.0
Smartdnsproxy,20473,AS-VULTR,1,US,3,3,3,3,78.0
Smartdnsproxy,213035,AS-SERVERION Serverion B.V.,1,NL,3,2,3,3,78.0
StrongVPN,132372,GBNETWORK-AS-AP GB Network Solutions Sdn. Bhd.,1,MY,3,1,3,3,85.0
StrongVPN,21859,ZEN-ECN,1,US,3,2,3,3,80.0
StrongVPN,46844,SHARKTECH,1,US,3,1,3,3,90.0
StrongVPN,51430,ALTUS,1,NL,3,1,3,3,85.0
Surfshark,13737,AS-INCX,1,US,3,2,3,3,95.0
Surfshark,207990,HR-CUSTOMER,2,SI US,3,2,3,3,95.0
Trust.Zone,12876,Online SAS,1,FR,3,3,3,3,70.0
Trust.Zone,36666,GTCOMM,1,CA,3,2,3,3,70.0
TunnelBear,60781,LEASEWEB-NL-AMS-01 Netherlands,1,NL,3,1,3,3,95.0
VPN Gate,18126,"CTCX Chubu Telecommunications Company, Inc.",1,JP,3,3,3,3,78.0
VPN Gate,2519,VECTANT ARTERIA Networks Corporation,1,JP,3,3,3,3,78.0
VPN Gate,4713,OCN NTT Communications Corporation,1,JP,3,3,3,3,78.0
VPN Gate,9318,SKB-AS SK Broadband Co Ltd,1,KR,3,3,3,3,78.0
VPN Gate,9824,"JTCL-JP-AS JCOM Co., Ltd.",1,JP,3,3,3,3,78.0
VPN Jantit,133800,IDNIC-BIZNETGIO-AS-ID PT Biznet Gio Nusantara,1,ID,3,3,3,3,88.0
VPN Jantit,15626,GF-UA,1,US,3,2,3,3,88.0
VPN Jantit,40676,AS40676 - Psychz Networks,1,US,3,1,3,3,88.0
VPN Jantit,56309,"SIAMDATA-TH Siamdata Communication Co.,Ltd.",1,TH,3,3,3,3,88.0
VPN Unlimited,18978,ENZUINC-,1,US,3,1,3,3,70.0
VPN Unlimited,20860,IOMART-AS,1,GB,3,3,3,3,70.0
VPN Unlimited,30058,FDCSERVERS,1,US,3,1,3,3,70.0
VPN Unlimited,396190,LEASEWEB-USA-SEA,1,US,3,3,3,3,70.0
VPN Unlimited,40156,THEOPT-HOU,1,US,3,1,3,3,70.0
VPN Unlimited,42831,"UKSERVERS-AS UK Dedicated Servers, Hosting and Co-Location",1,GB,3,3,3,3,70.0
VPN Unlimited,6206,NETROUTING-AS,1,NL,3,1,3,3,70.0
VPN.ac,133752,LEASEWEB-APAC-HKG-10 LEASEWEB HONG KONG LIMITED,1,HK,3,2,3,3,95.0
VPN.ac,16276,OVH,1,FR,3,2,3,3,95.0
VPN.ac,19318,IS-AS-1,1,US,3,1,3,3,95.0
VPN.ac,20860,IOMART-AS,1,GB,3,2,3,3,95.0
VPN.ac,396190,LEASEWEB-USA-SEA,1,US,3,2,3,3,95.0
VPNSecure,21130,IOMART-IE,1,GB,3,3,3,3,88.0
VPNUK,20473,AS-VULTR,1,US,3,3,3,3,95.0
VPNUK,21069,ASN-METANET Routingpeering issues: noc@metanet.ch,1,CH,3,3,3,3,86.7
VPNUK,29550,SIMPLYTRANSIT,1,GB,3,3,3,3,70.0
VPNUK,9009,M247,1,RO,3,3,3,3,78.3
Vpnht,216280,Banka Kombetare Tregtare Sh.A.,1,AL,3,1,3,3,78.0
WiTopia,10753,LUMEN-LEGACY-L3-CUSTOMER-SHARED-USE,1,US,3,1,3,3,95.0
WiTopia,272073,SILKGLOBAL DOMINICANA SRL,1,DO,3,1,3,3,95.0
Windscribe,147176,"NNECL-AS-AP NZ Network Enterprise Co., Ltd.",1,TH,3,1,3,3,95.0
Windscribe,153003,LACHANSO-VN Digital Shield Technology Company Limited,1,VN,3,1,3,3,95.0
Windscribe,197155,ARTNET,1,PL,3,1,3,3,95.0
Windscribe,197706,"KEMINET A datacenter located in TiranaAlbania. Webhosting, Dedicated Servers, VPS, IPv4IPv6 leasing",1,AL,3,1,3,3,95.0
Windscribe,200651,FLOKINET,1,IS,3,1,3,3,95.0
Windscribe,205119,TELEKS-,1,MK,3,1,3,3,95.0
Windscribe,268581,QNAX LTDA,1,BR,3,1,3,3,95.0
Windscribe,3216,SOVAM-AS,1,RU,3,1,3,3,95.0
Windscribe,35908,VPLSNET,1,US,3,1,3,3,95.0
Windscribe,3786,LGDACOM LG DACOM Corporation,1,KR,3,1,3,3,95.0
Windscribe,400587,RYAMER,1,US,3,1,3,3,95.0
Windscribe,47810,PROSERVICE,1,GE,3,1,3,3,95.0
Windscribe,63989,DE-CORP DE-CORP,1,TH,3,1,3,3,95.0
Windscribe,9318,SKB-AS SK Broadband Co Ltd,1,KR,3,1,3,3,95.0
WorkingVPN,16276,OVH,1,FR,3,3,3,3,95.0
WorldVPN,43317,VEESP-AS,1,RU,3,1,3,3,88.0
Zoogvpn,63023,AS-GLOBALTELEHOST,1,US,3,3,3,3,78.0
uVPN,9009,M247,1,RO,3,3,3,3,70.0
AnonymousVPN,202422,GHOST,1,LU,2,1,2,2,95.0
AnonymousVPN,30860,YURTEH-AS,1,UA,2,1,2,2,95.0
AnonymousVPN,59729,ITL-BG,1,US,2,2,2,2,95.0
Astrill,132335,LEAPSWITCH-IN-AS-AP LEAPSWITCH NETWORKS PRIVATE LIMITED,1,IN,2,1,2,2,78.0
Astrill,14061,DIGITALOCEAN-ASN,1,US,2,2,2,2,78.0
Astrill,18229,CTRLS-AS-IN CtrlS,1,IN,2,1,2,2,78.0
Astrill,18978,ENZUINC-,1,US,2,1,2,2,78.0
Astrill,198890,MADCOM-ASN,1,AL,2,1,2,2,78.0
Astrill,200736,INALAN,1,GR,2,1,2,2,78.0
Astrill,21859,ZEN-ECN,1,US,2,1,2,2,78.0
Astrill,35592,COOLHOUSING-AS Vinohradska 190,1,CZ,2,1,2,2,78.0
Astrill,36666,GTCOMM,1,CA,2,2,2,2,78.0
Astrill,394625,WHITELABELIT,1,US,2,1,2,2,78.0
Astrill,400175,MICROTRONIX-ESOLUTIONS,1,US,2,1,2,2,78.0
Astrill,50926,AXARNET-AS,1,ES,2,1,2,2,78.0
Astrill,64249,ENDOFFICE,1,US,2,1,2,2,78.0
Astrill,9312,XTOM xTom,1,HK,2,1,2,2,78.0
Astrill,9891,CSLOX-IDC-AS-AP CS LOXINFO Public Company Limited.,1,TH,2,1,2,2,78.0
AzireVPN,3170,VELOXSERV,1,GB,2,1,2,2,95.0
AzireVPN,400587,RYAMER,1,US,2,2,2,2,95.0
AzireVPN,43357,OWL Owl Limited,1,VU,2,2,2,2,95.0
AzireVPN,50304,BLIX,1,NO,2,2,2,2,95.0
CCrypto VPN,43513,NANO-AS,1,LV,2,1,2,2,88.0
CactusVPN,136258,"ONEPROVIDER-AS BrainStorm Network, Inc",2,IN PT,2,2,2,2,95.0
CactusVPN,199524,GCORE,1,LU,2,1,2,2,95.0
CactusVPN,200019,ALEXHOST,2,CH MD,2,2,2,2,95.0
CactusVPN,24940,HETZNER-AS,1,DE,2,2,2,2,95.0
CactusVPN,25198,ZETSERVERS ZetServers.com - Unmetered Cloud and Dedicated Servers Provider,1,RO,2,2,2,2,95.0
CactusVPN,32097,WII,1,US,2,1,2,2,95.0
CactusVPN,39845,LV-2CLOUD-ASN16,1,LV,2,2,2,2,95.0
CactusVPN,42708,GLESYS glesys.com,1,SE,2,2,2,2,95.0
CactusVPN,56694,SMARTAPE,1,RU,2,2,2,2,95.0
CactusVPN,60781,LEASEWEB-NL-AMS-01 Netherlands,1,NL,2,1,2,2,95.0
CyberGhost,6461,ZAYO-6461,1,US,2,1,2,2,70.0
ExpressVPN,21859,ZEN-ECN,1,US,2,1,2,2,70.0
ExpressVPN,43289,TRABIA,1,MD,2,1,2,2,70.0
ExpressVPN,47810,PROSERVICE,1,GE,2,1,2,2,70.0
ExpressVPN,58065,PACKETEXCHANGE,1,GB,2,1,2,2,70.0
ExpressVPN,60068,CDN77 _,1,GB,2,1,2,2,70.0
FastestVPN,24961,MYLOC-AS IP Backbone of WIIT AG formerly myLoc managed IT AG,1,DE,2,2,2,2,95.0
FastestVPN,40676,AS40676 - Psychz Networks,1,US,2,1,2,2,95.0
FastestVPN,63018,DEDICATED,1,US,2,2,2,2,95.0
FlowVPN,197537,WISDOM-CLOUD,1,SG,2,1,2,2,70.0
FlowVPN,199524,GCORE,1,LU,2,1,2,2,70.0
FlowVPN,200185,XANDMAIL-ASN,1,IT,2,2,2,2,70.0
FlowVPN,201575,WORLDBUS,1,GE,2,1,2,2,70.0
FlowVPN,20454,SSASN2,1,US,2,2,2,2,70.0
FlowVPN,210329,CLOUDWEBMANAGE-UK-1,1,US,2,2,2,2,70.0
FlowVPN,215540,GCS-AS,1,GB,2,2,2,2,70.0
FlowVPN,2519,VECTANT ARTERIA Networks Corporation,1,JP,2,1,2,2,70.0
FlowVPN,3462,HINET Data Communication Business Group,1,TW,2,2,2,2,70.0
FlowVPN,37153,xneelo,1,ZA,2,2,2,2,70.0
FlowVPN,45382,EHOSTIDC-AS-KR Hostcenter,1,KR,2,2,2,2,70.0
FlowVPN,4766,KIXS-AS-KR Korea Telecom,1,KR,2,1,2,2,70.0
FlowVPN,48207,GLBBULUTTEKNOLOJISI-AS,1,TR,2,2,2,2,70.0
FlowVPN,53356,FREE RANGE CLOUD,1,CA,2,1,2,2,70.0
FlowVPN,53667,PONYNET,1,US,2,2,2,2,70.0
FlowVPN,57169,EDIS-AS-EU,1,AT,2,2,2,2,70.0
FlowVPN,59741,SINAVPS SinaVPS,1,CH,2,2,2,2,70.0
FreeVPN,16276,OVH,1,FR,2,2,2,2,88.0
FreeVPN,23679,NUSANET-AS-ID PT. Media Antar Nusa,1,ID,2,2,2,2,88.0
FreeVPN,60404,LITESERVER,1,NL,2,1,2,2,88.0
Froot,9009,M247,1,RO,2,2,2,2,78.0
Getflix,14061,DIGITALOCEAN-ASN,1,US,2,2,2,2,78.0
Getflix,20473,AS-VULTR,1,US,2,2,2,2,78.0
Getflix,48678,TR-PENTECH-AS,1,TR,2,1,2,2,78.0
Getflix,9009,M247,1,RO,2,2,2,2,78.0
GhostPath,133480,INT-5GN-AS-AP 5G NETWORK OPERATIONS PTY LTD,1,AU,2,2,2,2,88.0
GhostPath,21472,SERVERHOUSE,1,GB,2,1,2,2,88.0
GhostPath,23470,RELIABLESITE,1,US,2,2,2,2,88.0
GhostPath,36666,GTCOMM,1,CA,2,2,2,2,88.0
GhostPath,397373,H4Y-TECHNOLOGIES,1,US,2,2,2,2,88.0
GhostPath,42422,SECURITYNET-AS,1,CZ,2,1,2,2,88.0
GhostPath,46261,QUICKPACKET,1,US,2,2,2,2,88.0
HideIPVPN,202425,INT-NETWORK,1,SC,2,2,2,2,70.0
HideIPVPN,24940,HETZNER-AS,1,DE,2,2,2,2,70.0
HideIPVPN,51159,THINKSYSTEMSUK-ASN,1,GB,2,2,2,2,70.0
HideIPVPN,59491,LIVENET-,1,PL,2,2,2,2,70.0
HideIPVPN,63023,AS-GLOBALTELEHOST,1,US,2,2,2,2,70.0
Hotspotshield,60068,CDN77 _,1,GB,2,2,2,2,78.0
IVPN,0,,0,,2,1,2,2,95.0
IVPN,132825,MYTEK-AS-AP MYTEK TRADING PTY LTD,1,AU,2,1,2,2,95.0
IVPN,133752,LEASEWEB-APAC-HKG-10 LEASEWEB HONG KONG LIMITED,1,HK,2,2,2,2,95.0
IVPN,20473,AS-VULTR,1,US,2,2,2,2,95.0
IVPN,24768,ALMOUROLTEC,1,PT,2,1,2,2,95.0
IVPN,28753,LEASEWEB-DE-FRA-10,1,DE,2,2,2,2,95.0
IVPN,34989,SERVETHEWORLD-AS,1,NO,2,2,2,2,95.0
IVPN,35758,HQSERV_NETWORKS,1,IL,2,2,2,2,95.0
IVPN,36352,AS-COLOCROSSING,1,US,2,2,2,2,95.0
IVPN,394256,CLOUDSINGULARITY,1,CA,2,1,2,2,95.0
IVPN,42708,GLESYS glesys.com,1,SE,2,1,2,2,95.0
IVPN,51765,CREANOVA-AS Oy Creanova Hosting Solutions Ltd.,1,FI,2,2,2,2,95.0
Ivacy,199524,GCORE,1,LU,2,2,2,2,95.0
Ivacy,206264,AMARUTU-TECHNOLOGY,1,HK,2,1,2,2,95.0
Ivacy,36352,AS-COLOCROSSING,1,US,2,2,2,2,95.0
Ivacy,396356,LATITUDE-SH,2,CL US,2,2,2,2,95.0
Ivacy,56630,MELBICOM-EU-AS Melbikomas UAB,2,LT LV,2,2,2,2,95.0
Ivacy,60068,CDN77 _,2,GB US,2,2,2,2,95.0
KevinVPN,13335,CLOUDFLARENET,1,US,2,2,2,2,70.0
KevinVPN,208226,OUIHEBERG,1,FR,2,2,2,2,70.0
KevinVPN,212477,ROYALE-AS,1,NL,2,1,2,2,70.0
KevinVPN,216416,EVOLUS-IX,1,AT,2,2,2,2,70.0
KevinVPN,399275,SOLID,1,US,2,2,2,2,70.0
KevinVPN,62564,LINVEO-LLC,1,US,2,1,2,2,70.0
MoriVPN,14956,ROUTERHOSTING,1,US,2,2,2,2,80.0
Mullvad,17243,BYTENODE-AS,1,US,2,1,2,2,95.0
Mullvad,197706,"KEMINET A datacenter located in TiranaAlbania. Webhosting, Dedicated Servers, VPS, IPv4IPv6 leasing",1,AL,2,1,2,2,95.0
Mullvad,207990,HR-CUSTOMER,1,IN,2,1,2,2,95.0
Mullvad,30671,DATABRIDGE,1,US,2,1,2,2,95.0
Mullvad,3170,VELOXSERV,1,GB,2,1,2,2,95.0
Mullvad,39486,HOSTROYALE,1,IN,2,1,2,2,95.0
Mullvad,399935,HAYASHIMO,1,US,2,1,2,2,95.0
Mullvad,400882,AS-CYBER-DATA,1,US,2,1,2,2,95.0
Mullvad,51852,PLI-AS,1,PA,2,2,2,2,95.0
Mullvad,6233,XTOM,1,US,2,1,2,2,95.0
NordVPN,205119,TELEKS-,1,MK,2,1,2,2,95.0
OVPN,31103,KEYWEB-AS,1,DE,2,2,2,2,95.0
Octanevpn,14618,AMAZON-AES,1,US,2,2,2,2,78.0
Private Internet Access,205119,TELEKS-,1,MK,2,2,2,2,95.0
Private Internet Access,21859,ZEN-ECN,1,US,2,1,2,2,95.0
Private Internet Access,3257,GTT-BACKBONE GTT,1,CA,2,2,2,2,95.0
Private Internet Access,43289,TRABIA,1,MD,2,2,2,2,95.0
Private Internet Access,45671,AS45671-NET-AU Wholesale Services Provider,1,AU,2,1,2,2,95.0
PrivateVPN,36352,AS-COLOCROSSING,1,US,2,2,2,2,95.0
PrivateVPN,37153,xneelo,1,ZA,2,2,2,2,95.0
PrivateVPN,50304,BLIX,1,NO,2,2,2,2,95.0
ProtonVPN,197706,"KEMINET A datacenter located in TiranaAlbania. Webhosting, Dedicated Servers, VPS, IPv4IPv6 leasing",1,AL,2,2,2,2,95.0
ProtonVPN,208172,PV-HOSTED,1,CH,2,2,2,2,95.0
ProtonVPN,24875,NOVOSERVE-AS,1,NL,2,1,2,2,95.0
ProtonVPN,3258,XTOM-JAPAN xTom Japan Corporation,1,JP,2,1,2,2,95.0
ProtonVPN,41564,AS41564,1,GB,2,2,2,2,95.0
ProtonVPN,46562,PERFORMIVE,1,US,2,1,2,2,95.0
ProtonVPN,56704,FARICE-AS,1,IS,2,1,2,2,95.0
ProtonVPN,63023,AS-GLOBALTELEHOST,1,US,2,1,2,2,95.0
Proxpn,32489,AMANAHA-NEW,1,CA,2,1,2,2,78.0
Proxpn,42831,"UKSERVERS-AS UK Dedicated Servers, Hosting and Co-Location",1,GB,2,1,2,2,78.0
Proxpn,59253,LEASEWEB-APAC-SIN-11 LEASEWEB SINGAPORE PTE. LTD.,1,SG,2,1,2,2,78.0
PureVPN,19148,LEASEWEB-USA-PHX,1,US,2,1,2,2,88.0
PureVPN,209378,INIOS-AS,1,FI,2,1,2,2,88.0
PureVPN,262287,Latitude.sh LTDA,1,BR,2,1,2,2,88.0
RedShield VPN,23470,RELIABLESITE,1,US,2,2,2,2,95.0
RedShield VPN,267507,SRX TECNOLOGIA DA INFORMACAO LTDA,1,BR,2,2,2,2,95.0
RedShield VPN,35758,HQSERV_NETWORKS,1,IL,2,2,2,2,95.0
RedShield VPN,395092,SHOCK-1,1,US,2,2,2,2,95.0
Riseup VPN,60068,CDN77 _,1,GB,2,1,2,2,95.0
Riseup VPN,7765,KOUMBIT,1,CA,2,1,2,2,95.0
Sentinel dVPN,11117,NUYEK,1,US,2,2,2,2,95.0
Sentinel dVPN,13649,ASN-FLEXENTIAL,1,US,2,2,2,2,95.0
Sentinel dVPN,13737,AS-INCX,1,US,2,1,2,2,95.0
Sentinel dVPN,149042,SITCL-AS-AP Silicon Cloud Global US,1,HK,2,1,2,2,95.0
Sentinel dVPN,150423,SERVER-AS-AP Server Galactic Private Limited,1,SG,2,2,2,2,95.0
Sentinel dVPN,151858,INTERDIGI-VN INTERDIGI JOINT STOCK COMPANY,1,VN,2,1,2,2,95.0
Sentinel dVPN,197075,ACTIVENETWORK-AS Active Network S.p.A.,1,IT,2,1,2,2,95.0
Sentinel dVPN,19970,CARRIERDOMAIN-NYC,1,US,2,1,2,2,95.0
Sentinel dVPN,199959,CROWNCLOUD,1,AU,2,2,2,2,95.0
Sentinel dVPN,200019,ALEXHOST,1,MD,2,2,2,2,95.0
Sentinel dVPN,201323,HOST-MEDIA-LTD,1,GB,2,1,2,2,95.0
Sentinel dVPN,206075,HOLLANDER-JACOBSEN,1,DE,2,2,2,2,95.0
Sentinel dVPN,209630,KREDIT-AS,1,UA,2,1,2,2,95.0
Sentinel dVPN,211462,GHT-NET,1,RO,2,2,2,2,95.0
Sentinel dVPN,212271,C1V Internet Service Provider in Italy,1,IT,2,1,2,2,95.0
Sentinel dVPN,213495,SERVITRO-LTD,1,GB,2,2,2,2,95.0
Sentinel dVPN,213520,SENKO-AS Senko Digital Ltd,1,GE,2,2,2,2,95.0
Sentinel dVPN,213535,YOTTASRC,1,SA,2,2,2,2,95.0
Sentinel dVPN,213929,AS213929CH AS213929.ch,1,CH,2,2,2,2,95.0
Sentinel dVPN,215730,H2NEXUS-AS,1,GB,2,2,2,2,95.0
Sentinel dVPN,2864,ALJASKA-AS,1,UA,2,1,2,2,95.0
Sentinel dVPN,32097,WII,1,US,2,2,2,2,95.0
Sentinel dVPN,3258,XTOM-JAPAN xTom Japan Corporation,1,JP,2,2,2,2,95.0
Sentinel dVPN,33185,HIVE-DATA-CENTER,1,CA,2,1,2,2,95.0
Sentinel dVPN,33387,NOCIX,1,US,2,2,2,2,95.0
Sentinel dVPN,396356,LATITUDE-SH,1,US,2,2,2,2,95.0
Sentinel dVPN,396426,-Reserved AS-,1,Unknown,2,1,2,2,95.0
Sentinel dVPN,398493,SYSTEMINPLACE,1,US,2,2,2,2,95.0
Sentinel dVPN,4766,KIXS-AS-KR Korea Telecom,1,KR,2,2,2,2,95.0
Sentinel dVPN,50053,ANTON-LEVIN-AS,1,KG,2,2,2,2,95.0
Sentinel dVPN,54600,PEG-SV,1,US,2,1,2,2,95.0
Sentinel dVPN,59253,LEASEWEB-APAC-SIN-11 LEASEWEB SINGAPORE PTE. LTD.,1,SG,2,2,2,2,95.0
Sentinel dVPN,62553,ELCRO-DIGITAL-SERVICES-LLC,1,US,2,1,2,2,95.0
Sentinel dVPN,64249,ENDOFFICE,1,US,2,1,2,2,95.0
Sentinel dVPN,7922,COMCAST-7922,1,US,2,2,2,2,95.0
Sentinel dVPN,8849,MELBICOM-EU-AS Melbikomas UAB,1,LT,2,1,2,2,95.0
Sentinel dVPN,8888,XTOM xTom Pty Ltd,1,AU,2,2,2,2,95.0
SlickVPN,13213,UK2NET-AS,1,GB,2,2,2,2,88.0
Smartdnsproxy,14061,DIGITALOCEAN-ASN,1,US,2,2,2,2,78.0
Smartdnsproxy,18978,ENZUINC-,1,US,2,2,2,2,78.0
Smartdnsproxy,202422,GHOST,1,LU,2,2,2,2,78.0
Smartdnsproxy,399471,AS-SERVERION,1,US,2,2,2,2,78.0
Smartdnsproxy,43350,NFORCE,1,NL,2,1,2,2,78.0
Smartdnsproxy,45671,AS45671-NET-AU Wholesale Services Provider,1,AU,2,2,2,2,78.0
Smartdnsproxy,60068,CDN77 _,1,GB,2,2,2,2,78.0
Smartdnsproxy,61317,ASDETUK www.heficed.com,1,US,2,2,2,2,78.0
SotaVPN,215730,H2NEXUS-AS,1,GB,2,2,2,2,95.0
StrongVPN,0,,1,CA,2,1,2,2,80.0
StrongVPN,137409,GSLNETWORKS-AS-AP GSL Networks Pty LTD,1,AU,2,2,2,2,80.0
StrongVPN,3223,VOXILITY,1,GB,2,1,2,2,87.5
StrongVPN,52423,Data Miners S.A.  Racknation.cr,1,CR,2,1,2,2,80.0
Surfshark,197155,ARTNET,1,PL,2,2,2,2,95.0
Surfshark,205676,DCE,1,TH,2,1,2,2,95.0
Surfshark,43513,NANO-AS,1,LV,2,1,2,2,95.0
Surfshark,49453,GLOBALLAYER,1,BE,2,1,2,2,95.0
SwitchVPN,20860,IOMART-AS,1,GB,2,2,2,2,88.0
SwitchVPN,7040,NETMINDERS,1,CA,2,1,2,2,88.0
Trust.Zone,11831,ESECUREDATA,1,CA,2,2,2,2,70.0
Trust.Zone,16247,"M247-UK M247 UK Ltd, trading as M247",1,GB,2,2,2,2,70.0
Trust.Zone,200740,FIRST-SERVER-EU-AS FIRST-SERVER-US,1,GB,2,1,2,2,70.0
Trust.Zone,202015,HZ-US-AS,1,BG,2,2,2,2,70.0
Trust.Zone,32489,AMANAHA-NEW,1,CA,2,2,2,2,70.0
Trust.Zone,49981,WORLDSTREAM,1,NL,2,2,2,2,70.0
Trust.Zone,59711,HZ-EU-AS,1,BG,2,2,2,2,70.0
Trust.Zone,61046,HZ-UK-AS,1,BG,2,2,2,2,70.0
TunnelBear,20473,AS-VULTR,1,US,2,2,2,2,95.0
VPN Gate,133481,AIS-FIBRE-AS-AP AIS Fibre,1,TH,2,2,2,2,78.0
VPN Gate,2518,BIGLOBE BIGLOBE Inc.,1,JP,2,2,2,2,78.0
VPN Jantit,135450,IDNIC-BSTI-AS-ID PT Berkah Solusi Teknologi Informasi,1,ID,2,1,2,2,88.0
VPN Jantit,139989,IDNIC-ATHAMEDIANET-AS-ID CV Atha Media Prima,1,ID,2,1,2,2,88.0
VPN Jantit,199524,GCORE,1,LU,2,2,2,2,88.0
VPN Jantit,200740,FIRST-SERVER-EU-AS FIRST-SERVER-US,1,GB,2,2,2,2,88.0
VPN Jantit,205090,FIRST-SERVER-EUROPE,1,GB,2,2,2,2,88.0
VPN Jantit,207713,GIR-AS,1,RU,2,2,2,2,88.0
VPN Jantit,207957,SERVHOST-AS,1,GB,2,2,2,2,88.0
VPN Jantit,21859,ZEN-ECN,1,US,2,2,2,2,88.0
VPN Jantit,38623,VIETTELCAMBODIA-AS-AP ISPIXP IN CAMBODIA WITH THE BEST VERVICE IN THERE.,1,KH,2,1,2,2,88.0
VPN Jantit,397032,SPARKED,1,US,2,2,2,2,88.0
VPN Jantit,400992,ZHOUYISAT-COMMUNICATIONS,1,US,2,2,2,2,88.0
VPN Jantit,44259,ULTAHOST-AP-AS,1,US,2,1,2,2,88.0
VPN Jantit,56150,VHOST-AS-VN Viet Solutions Services Trading Company Limited,1,VN,2,2,2,2,88.0
VPN Jantit,59729,ITL-BG,1,US,2,2,2,2,88.0
VPN Jantit,62214,RACKFOREST-AS,1,HU,2,2,2,2,88.0
VPN Jantit,9198,KAZTELECOM-AS,1,KZ,2,1,2,2,88.0
VPN Jantit,9658,"ETPI-IDS-AS-AP Eastern Telecoms Phils., Inc.",1,PH,2,2,2,2,88.0
VPN Unlimited,30083,AS-30083-US-VELIA-NET,1,DE,2,1,2,2,70.0
VPN Unlimited,395954,LEASEWEB-USA-LAX,1,US,2,1,2,2,70.0
VPN Unlimited,46475,LIMESTONENETWORKS,1,US,2,2,2,2,70.0
VPN Unlimited,59711,HZ-EU-AS,1,BG,2,2,2,2,70.0
VPN Unlimited,8280,SYNAPSECOM-AS SYNAPSECOM TELECOMS S.A.,1,GR,2,2,2,2,70.0
VPN.ac,11831,ESECUREDATA,1,CA,2,1,2,2,95.0
VPN.ac,32489,AMANAHA-NEW,1,CA,2,2,2,2,95.0
VPN.ac,7203,LEASEWEB-USA-SFO,1,US,2,1,2,2,95.0
VPNSecure,12876,Online SAS,1,FR,2,2,2,2,88.0
VPNSecure,212238,CDNEXT,1,GB,2,1,2,2,88.0
VPNSecure,36007,KAMATERA,1,US,2,2,2,2,88.0
VPNSecure,43376,DOT,1,RO,2,1,2,2,88.0
VPNSecure,47987,DELTAHOST-KYIV,1,UA,2,2,2,2,88.0
VPNUK,12876,Online SAS,1,FR,2,2,2,2,82.5
VPNUK,33387,NOCIX,1,US,2,2,2,2,95.0
VPNUK,49367,ASSEFLOW,1,IT,2,2,2,2,95.0
Vpnbook,16276,OVH,1,FR,2,2,2,2,78.0
WorldVPN,21100,ITLDC-EU,1,NL,2,2,2,2,88.0
WorldVPN,45102,"ALIBABA-CN-NET Alibaba US Technology Co., Ltd.",2,CN PH,2,2,2,2,88.0
WorldVPN,8254,ROUTE95,1,US,2,1,2,2,88.0
Zoogvpn,200000,UKRAINE-AS,1,UA,2,2,2,2,78.0
Zoogvpn,212238,CDNEXT,1,GB,2,2,2,2,78.0
Zoogvpn,24961,MYLOC-AS IP Backbone of WIIT AG formerly myLoc managed IT AG,1,DE,2,2,2,2,78.0
Zoogvpn,60781,LEASEWEB-NL-AMS-01 Netherlands,1,NL,2,2,2,2,78.0
uVPN,24940,HETZNER-AS,1,DE,2,2,2,2,70.0
Anonvpn,30058,FDCSERVERS,1,US,1,1,1,1,78.0
Anonvpn,32489,AMANAHA-NEW,1,CA,1,1,1,1,78.0
Anonvpn,42831,"UKSERVERS-AS UK Dedicated Servers, Hosting and Co-Location",1,GB,1,1,1,1,78.0
AnonymousVPN,12876,Online SAS,1,FR,1,1,1,1,95.0
AnonymousVPN,1299,"TWELVE99 Arelion, fka Telia Carrier",1,SE,1,1,1,1,95.0
AnonymousVPN,15440,BALTNETA Customers AS,1,LT,1,1,1,1,95.0
AnonymousVPN,202401,WEBHOSTING24-AS Webhosting24 GmbH,1,DE,1,1,1,1,95.0
AnonymousVPN,204957,GREENFLOID-AS,1,US,1,1,1,1,95.0
AnonymousVPN,24971,MASTER-AS Czech Republic  www.master.cz,1,CZ,1,1,1,1,95.0
AnonymousVPN,3281,SIA_2CLOUD,1,LV,1,1,1,1,95.0
AnonymousVPN,329184,Host-Africa-AS2,1,ZA,1,1,1,1,95.0
AnonymousVPN,48031,XSERVERCLOUD,1,UA,1,1,1,1,95.0
AnonymousVPN,49367,ASSEFLOW,1,IT,1,1,1,1,95.0
AnonymousVPN,52173,MAKONIX,1,LV,1,1,1,1,95.0
AnonymousVPN,61317,ASDETUK www.heficed.com,1,US,1,1,1,1,95.0
AnonymousVPN,63473,HOSTHATCH,1,US,1,1,1,1,95.0
AnonymousVPN,6718,NAV NAV Communications,1,RO,1,1,1,1,95.0
Astrill,17356,VERMONT-TELE,1,US,1,1,1,1,78.0
Astrill,214789,NOVA-CLOUD-,1,KZ,1,1,1,1,78.0
Astrill,25467,AKTON-AS Akton Autonomous System,1,SI,1,1,1,1,78.0
Astrill,42708,GLESYS glesys.com,1,SE,1,1,1,1,78.0
Astrill,45731,"ARDH-AS-ID ARDH GLOBAL INDONESIA, PT",1,ID,1,1,1,1,80.0
Astrill,4760,HKTIMS-AP HKT Limited,1,HK,1,1,1,1,78.0
Astrill,48011,DIGITURUNC,1,TR,1,1,1,1,80.0
Astrill,5650,FRONTIER-FRTR,1,US,1,1,1,1,78.0
AzireVPN,136557,HOST-AS-AP Host Universal Pty Ltd,1,AU,1,1,1,1,95.0
AzireVPN,137373,IDNIC-SUITEN-AS-ID PT. SUITEN INOVASI SUKSES,1,ID,1,1,1,1,95.0
AzireVPN,18747,IFX18747,1,US,1,1,1,1,95.0
AzireVPN,23959,OWL-AS-AP Owl Limited,1,VU,1,1,1,1,95.0
AzireVPN,3236,SERVER server.ua,1,UA,1,1,1,1,95.0
AzireVPN,328915,MANN-IT-AS,1,ZA,1,1,1,1,95.0
AzireVPN,394256,CLOUDSINGULARITY,1,CA,1,1,1,1,95.0
AzireVPN,40028,AS40028 - 1651884 Ontario Inc.,1,CA,1,1,1,1,95.0
AzireVPN,58955,"BANGMODENTERPRISE-TH Bangmod Enterprise Co., Ltd.",1,TH,1,1,1,1,95.0
AzireVPN,61292,BLXGRP,1,NO,1,1,1,1,95.0
AzireVPN,63018,DEDICATED,1,US,1,1,1,1,95.0
BTGuard,20473,AS-VULTR,1,US,1,1,1,1,70.0
BTGuard,32489,AMANAHA-NEW,1,CA,1,1,1,1,70.0
BTGuard,8849,MELBICOM-EU-AS Melbikomas UAB,1,LT,1,1,1,1,70.0
CCrypto VPN,11878,TZULO,1,US,1,1,1,1,88.0
CCrypto VPN,207083,HOSTSLIM-GLOBAL-NETWORK,1,EE,1,1,1,1,88.0
CactusVPN,12876,Online SAS,1,FR,1,1,1,1,95.0
CactusVPN,133398,TELE-AS Tele Asia Limited,1,HK,1,1,1,1,95.0
CactusVPN,133752,LEASEWEB-APAC-HKG-10 LEASEWEB HONG KONG LIMITED,1,HK,1,1,1,1,95.0
CactusVPN,138915,KAOPU-HK Kaopu Cloud HK Limited,1,JP,1,1,1,1,95.0
CactusVPN,14586,NUCLEARFALLOUT-CHI,1,US,1,1,1,1,95.0
CactusVPN,204094,I4W,1,PT,1,1,1,1,95.0
CactusVPN,211154,MFBANKA-AS,1,NL,1,1,1,1,95.0
CactusVPN,212238,CDNEXT,1,JP,1,1,1,1,95.0
CactusVPN,268581,QNAX LTDA,1,BR,1,1,1,1,95.0
CactusVPN,30058,FDCSERVERS,1,NL,1,1,1,1,95.0
CactusVPN,31034,ARUBA-ASN,1,IT,1,1,1,1,95.0
CactusVPN,3236,SERVER server.ua,1,UA,1,1,1,1,95.0
CactusVPN,32374,NUCLEARFALLOUT-LAX,1,US,1,1,1,1,95.0
CactusVPN,32751,NUCLEARFALLOUT-SEA,1,US,1,1,1,1,95.0
CactusVPN,393458,NUCLEARFALLOUT-ATL,1,US,1,1,1,1,95.0
CactusVPN,396356,LATITUDE-SH,1,BR,1,1,1,1,95.0
CactusVPN,400475,NUCLEARFALLOUT-DAL,1,US,1,1,1,1,95.0
CactusVPN,401263,NUCLEARFALLOUT-NYC,1,US,1,1,1,1,95.0
CactusVPN,44259,ULTAHOST-AP-AS,1,IN,1,1,1,1,95.0
CactusVPN,44388,"TOPHOST-MD-AS R.Moldova, Chisinau, Paris 18A",1,MD,1,1,1,1,95.0
CactusVPN,45839,SHINJIRU-MY-AS-AP Shinjiru Technology Sdn Bhd,1,MY,1,1,1,1,95.0
CactusVPN,51852,PLI-AS,1,CH,1,1,1,1,95.0
CactusVPN,62068,SPECTRAIP SpectraIP B.V.,1,NL,1,1,1,1,95.0
CactusVPN,6698,VIRTUALSYSTEMS,1,UA,1,1,1,1,95.0
CactusVPN,9009,M247,1,ES,1,1,1,1,95.0
CyberGhost,4213,EVOCATIVE-GLOBAL,1,US,1,1,1,1,70.0
CyberGhost,45671,AS45671-NET-AU Wholesale Services Provider,1,AU,1,1,1,1,95.0
EasyHideIP,42708,GLESYS glesys.com,1,SE,1,1,1,1,95.0
FastestVPN,206991,IXIR,1,TR,1,1,1,1,95.0
FastestVPN,30633,LEASEWEB-USA-WDC,1,US,1,1,1,1,95.0
FastestVPN,37153,xneelo,1,ZA,1,1,1,1,95.0
FastestVPN,45382,EHOSTIDC-AS-KR Hostcenter,1,KR,1,1,1,1,95.0
FastestVPN,48031,XSERVERCLOUD,1,UA,1,1,1,1,95.0
FastestVPN,58325,BANDWIDTH-ASIA,1,GB,1,1,1,1,95.0
FastestVPN,59787,WEBHS WEBSP LDA,1,PT,1,1,1,1,95.0
FlowVPN,12876,Online SAS,1,FR,1,1,1,1,70.0
FlowVPN,132839,POWERLINE-AS-AP POWER LINE DATACENTER,1,HK,1,1,1,1,70.0
FlowVPN,136052,IDNIC-IDCLOUDHOST-AS-ID PT Cloud Hosting Indonesia,1,ID,1,1,1,1,70.0
FlowVPN,136557,HOST-AS-AP Host Universal Pty Ltd,1,AU,1,1,1,1,70.0
FlowVPN,149440,EVOXTENTERPRISE-AS-AP Evoxt Enterprise,1,MY,1,1,1,1,70.0
FlowVPN,15083,INFOLINK-MIA-,1,US,1,1,1,1,70.0
FlowVPN,15440,BALTNETA Customers AS,1,LT,1,1,1,1,70.0
FlowVPN,17497,LGHL-AS-AP Liasail Global Hongkong Limited,1,HK,1,1,1,1,70.0
FlowVPN,197075,ACTIVENETWORK-AS Active Network S.p.A.,1,IT,1,1,1,1,70.0
FlowVPN,197648,CL8ASN1,1,CY,1,1,1,1,70.0
FlowVPN,199653,ARUBAFR-AS,1,IT,1,1,1,1,70.0
FlowVPN,201011,CORE-BACKBONE CORE-BACKBONE GMBH GLOBAL NETWORK,1,DE,1,1,1,1,70.0
FlowVPN,202759,FAIRYHOSTING,1,EE,1,1,1,1,70.0
FlowVPN,203156,RELAYIFY-LLC,1,US,1,1,1,1,70.0
FlowVPN,203210,SZYBKINET,1,PL,1,1,1,1,70.0
FlowVPN,203647,WORLDBUS,1,GE,1,1,1,1,70.0
FlowVPN,207108,AHCLOUD,1,GB,1,1,1,1,70.0
FlowVPN,207992,FEELB,1,FR,1,1,1,1,70.0
FlowVPN,213167,CHOCIZ-AS,1,IN,1,1,1,1,70.0
FlowVPN,215052,DINSERVGRO-NET,1,DK,1,1,1,1,70.0
FlowVPN,215730,H2NEXUS-AS,1,GB,1,1,1,1,70.0
FlowVPN,22439,PERFECT-INTERNATIONAL,1,US,1,1,1,1,70.0
FlowVPN,23352,SERVERCENTRAL,1,US,1,1,1,1,70.0
FlowVPN,24679,SSERV-AS,1,DE,1,1,1,1,70.0
FlowVPN,24768,ALMOUROLTEC,1,PT,1,1,1,1,70.0
FlowVPN,25369,BANDWIDTH-AS,1,GB,1,1,1,1,70.0
FlowVPN,28423,Truxgo S. de R.L de C.V,1,MX,1,1,1,1,70.0
FlowVPN,29049,DELTA-TELECOM-AS International Communication Operator,1,AZ,1,1,1,1,70.0
FlowVPN,29951,SYPTEC-NOC,1,US,1,1,1,1,70.0
FlowVPN,31034,ARUBA-ASN,1,IT,1,1,1,1,70.0
FlowVPN,329268,SS7-AS,1,TN,1,1,1,1,70.0
FlowVPN,33387,NOCIX,1,US,1,1,1,1,70.0
FlowVPN,35661,VIRTUASYS-EU Lift weight. Push bytes. Never drop. Repeat.,1,FR,1,1,1,1,70.0
FlowVPN,36007,KAMATERA,1,US,1,1,1,1,70.0
FlowVPN,36351,SOFTLAYER,1,US,1,1,1,1,70.0
FlowVPN,38001,NEWMEDIAEXPRESS-AS-AP NewMedia Express Pte Ltd,1,SG,1,1,1,1,70.0
FlowVPN,394065,ESSENSYSINC,1,US,1,1,1,1,70.0
FlowVPN,401443,WAP-AC,1,US,1,1,1,1,70.0
FlowVPN,40244,TURNKEY-INTERNET,1,US,1,1,1,1,70.0
FlowVPN,40994,"ALWYZON Alwyzon, a trading name of Hohl IT e.U.",1,AT,1,1,1,1,70.0
FlowVPN,41798,TTC-AS JSC Transtelecom,1,KZ,1,1,1,1,70.0
FlowVPN,42708,GLESYS glesys.com,1,SE,1,1,1,1,70.0
FlowVPN,42831,"UKSERVERS-AS UK Dedicated Servers, Hosting and Co-Location",1,GB,1,1,1,1,70.0
FlowVPN,44684,MYTHIC Mythic Beasts Ltd,1,GB,1,1,1,1,70.0
FlowVPN,44709,CLOUDWEBMANAGE-,1,IL,1,1,1,1,70.0
FlowVPN,47264,LDEX,1,GB,1,1,1,1,70.0
FlowVPN,47987,DELTAHOST-KYIV,1,UA,1,1,1,1,70.0
FlowVPN,48753,AVAHOHST,1,MD,1,1,1,1,70.0
FlowVPN,49592,PIPE-NET pipehost.net,1,GB,1,1,1,1,70.0
FlowVPN,50837,CLOUDSIGMA-AS,1,CH,1,1,1,1,70.0
FlowVPN,50979,ITL-LV,1,US,1,1,1,1,70.0
FlowVPN,51519,KARABRO Karabro AB,1,SE,1,1,1,1,70.0
FlowVPN,51765,CREANOVA-AS Oy Creanova Hosting Solutions Ltd.,1,FI,1,1,1,1,70.0
FlowVPN,52368,ZAM LTDA.,1,CL,1,1,1,1,70.0
FlowVPN,52423,Data Miners S.A.  Racknation.cr,1,CR,1,1,1,1,70.0
FlowVPN,52469,Offshore Racks S.A,1,PA,1,1,1,1,70.0
FlowVPN,53850,GORILLASERVERS,1,US,1,1,1,1,70.0
FlowVPN,54643,IDIGITAL,1,CA,1,1,1,1,70.0
FlowVPN,56630,MELBICOM-EU-AS Melbikomas UAB,1,LT,1,1,1,1,70.0
FlowVPN,59364,VHOST-HOLDINGS-SG vHost Holdings Pte Ltd,1,SG,1,1,1,1,70.0
FlowVPN,59895,BINARYRACKS-AS,1,GB,1,1,1,1,70.0
FlowVPN,61138,ZAPPIE-HOST-AS Zappie Host,1,US,1,1,1,1,70.0
FlowVPN,61211,SETCOR,1,HR,1,1,1,1,70.0
FlowVPN,61317,ASDETUK www.heficed.com,1,US,1,1,1,1,70.0
FlowVPN,61493,InterBS S.R.L. BAEHOST,1,AR,1,1,1,1,70.0
FlowVPN,64080,SYN-UK SYN,1,GB,1,1,1,1,70.0
FlowVPN,64457,PIPEHOST-AS PIPEHOST,1,AT,1,1,1,1,70.0
FlowVPN,6698,VIRTUALSYSTEMS,1,UA,1,1,1,1,70.0
FlowVPN,835,GOCODEIT-EDGE,1,CA,1,1,1,1,70.0
FlowVPN,8648,ONE-NETWORK,1,DE,1,1,1,1,70.0
FlowVPN,8849,MELBICOM-EU-AS Melbikomas UAB,1,LT,1,1,1,1,70.0
FreeVPN,133210,ENTECHNOLOGIES-AS-AP EN Technologies Pte Ltd,1,SG,1,1,1,1,88.0
FreeVPN,208208,CYBERSE Cyberse GmbH & Co. KG,1,DE,1,1,1,1,88.0
FreeVPN,214677,DELUXHOST,1,NL,1,1,1,1,88.0
FreeVPN,214790,BRAINOZA,1,EE,1,1,1,1,88.0
FreeVPN,26383,ASNET,1,FI,1,1,1,1,88.0
FreeVPN,36352,AS-COLOCROSSING,1,US,1,1,1,1,88.0
FreeVPN,399646,DARTNODE,1,US,1,1,1,1,88.0
FreeVPN,41745,FORTIS-AS Hosting services,1,DE,1,1,1,1,88.0
FreeVPN,52173,MAKONIX,1,SE,1,1,1,1,88.0
FreeVPN,63023,AS-GLOBALTELEHOST,1,GB,1,1,1,1,88.0
Freevpn,12876,Online SAS,1,FR,1,1,1,1,78.0
Freevpn,16276,OVH,1,FR,1,1,1,1,78.0
Freevpn,49981,WORLDSTREAM,1,NL,1,1,1,1,78.0
Froot,11831,ESECUREDATA,1,CA,1,1,1,1,78.0
Froot,16276,OVH,1,FR,1,1,1,1,78.0
Froot,36666,GTCOMM,1,CA,1,1,1,1,78.0
Froot,51852,PLI-AS,1,PA,1,1,1,1,78.0
Froot,54643,IDIGITAL,1,CA,1,1,1,1,78.0
Froot,62563,AS-GLOBALTELEHOST,1,CA,1,1,1,1,78.0
Froot,62904,AS62904 - Eonix Corporation,1,US,1,1,1,1,78.0
Getflix,13213,UK2NET-AS,1,GB,1,1,1,1,78.0
Getflix,18978,ENZUINC-,1,US,1,1,1,1,78.0
Getflix,213035,AS-SERVERION Serverion B.V.,1,NL,1,1,1,1,78.0
Getflix,30736,ASERGO-AS,1,DK,1,1,1,1,78.0
Getflix,32489,AMANAHA-NEW,1,CA,1,1,1,1,78.0
Getflix,34989,SERVETHEWORLD-AS,1,NO,1,1,1,1,78.0
Getflix,399471,AS-SERVERION,1,US,1,1,1,1,78.0
Getflix,42708,GLESYS glesys.com,1,SE,1,1,1,1,78.0
Getflix,45671,AS45671-NET-AU Wholesale Services Provider,1,AU,1,1,1,1,78.0
Getflix,47521,IPHOST .GR IpDomain,1,GR,1,1,1,1,78.0
Getflix,51852,PLI-AS,1,PA,1,1,1,1,78.0
Getflix,60068,CDN77 _,1,GB,1,1,1,1,78.0
Getflix,6364,ATLANTIC-NET-1,1,US,1,1,1,1,78.0
GhostPath,10297,ENET-2,1,US,1,1,1,1,88.0
GhostPath,10929,ESTRUXTURE-QC-10929,1,CA,1,1,1,1,88.0
GhostPath,134094,"SERVERFIELD-AS Serverfield Co., Ltd.",1,TR,1,1,1,1,88.0
GhostPath,14061,DIGITALOCEAN-ASN,1,IN,1,1,1,1,88.0
GhostPath,16276,OVH,1,FR,1,1,1,1,88.0
GhostPath,174,COGENT-174,1,CZ,1,1,1,1,88.0
GhostPath,198203,ASN-ROUTELABEL,1,NL,1,1,1,1,88.0
GhostPath,199319,VOICE-NET-AS,1,PL,1,1,1,1,88.0
GhostPath,201011,CORE-BACKBONE CORE-BACKBONE GMBH GLOBAL NETWORK,1,DE,1,1,1,1,88.0
GhostPath,202759,FAIRYHOSTING,1,EE,1,1,1,1,88.0
GhostPath,20454,SSASN2,1,US,1,1,1,1,88.0
GhostPath,205053,AWEB-ASN,1,GR,1,1,1,1,88.0
GhostPath,21581,M5HOSTING,1,US,1,1,1,1,88.0
GhostPath,262287,Latitude.sh LTDA,1,BR,1,1,1,1,88.0
GhostPath,28099,iHosting Servicios Internet Ltda.,1,CL,1,1,1,1,88.0
GhostPath,29302,HSI-EUROPE,1,GB,1,1,1,1,88.0
GhostPath,29691,NINE,1,CH,1,1,1,1,88.0
GhostPath,29802,HVC-AS,1,US,1,1,1,1,88.0
GhostPath,30058,FDCSERVERS,1,US,1,1,1,1,88.0
GhostPath,31122,DIGIWEB-AS,1,IE,1,1,1,1,88.0
GhostPath,31863,DACEN-2,1,US,1,1,1,1,88.0
GhostPath,33083,AXCELX-NET,1,US,1,1,1,1,88.0
GhostPath,33387,NOCIX,1,US,1,1,1,1,88.0
GhostPath,34971,PDDA-AS,1,NL,1,1,1,1,88.0
GhostPath,36114,VERSAWEB-ASN,1,US,1,1,1,1,88.0
GhostPath,3842,RAMNODE,1,US,1,1,1,1,88.0
GhostPath,39020,COMVIVE-AS Seville - Spain,1,ES,1,1,1,1,88.0
GhostPath,39326,HSO-GROUP,1,GB,1,1,1,1,88.0
GhostPath,397423,TIER-NET,1,US,1,1,1,1,88.0
GhostPath,40156,THEOPT-HOU,1,US,1,1,1,1,88.0
GhostPath,42831,"UKSERVERS-AS UK Dedicated Servers, Hosting and Co-Location",1,GB,1,1,1,1,88.0
GhostPath,43289,TRABIA,1,MD,1,1,1,1,88.0
GhostPath,45032,FABIT-AS,1,DK,1,1,1,1,88.0
GhostPath,45146,RAJASA-AS-ID-AP PT. Raja Sepadan Abadi,1,ID,1,1,1,1,88.0
GhostPath,45413,SERVENET-AS-TH-AP ServeNET Solution Limited Partnership,1,TH,1,1,1,1,88.0
GhostPath,46015,EXABYTES-AS-AP Exa Bytes Network Sdn.Bhd.,1,MY,1,1,1,1,88.0
GhostPath,47987,DELTAHOST-KYIV,1,UA,1,1,1,1,88.0
GhostPath,48894,OPTIMUS-AS,1,SI,1,1,1,1,88.0
GhostPath,50613,THORDC-AS,1,IS,1,1,1,1,88.0
GhostPath,52201,TCTEL,1,RU,1,1,1,1,88.0
GhostPath,52469,Offshore Racks S.A,1,PA,1,1,1,1,88.0
GhostPath,56322,SERVERASTRA-AS,1,HU,1,1,1,1,88.0
GhostPath,56655,GIGAHOST,1,NO,1,1,1,1,88.0
GhostPath,58940,DEDAUS-AS-AP Dedicated Servers Australia,1,AU,1,1,1,1,88.0
GhostPath,59432,GINERNET,1,ES,1,1,1,1,88.0
GhostPath,59787,WEBHS WEBSP LDA,1,PT,1,1,1,1,88.0
GhostPath,61102,INTERHOST,1,IL,1,1,1,1,88.0
GhostPath,62217,VOOSERVERS,1,GB,1,1,1,1,88.0
GhostPath,63452,VELOCIHOST,1,US,1,1,1,1,88.0
GhostPath,6428,CDM,1,US,1,1,1,1,88.0
GhostPath,7979,SERVERS-COM,1,LU,1,1,1,1,88.0
GhostPath,8280,SYNAPSECOM-AS SYNAPSECOM TELECOMS S.A.,1,GR,1,1,1,1,88.0
Goosevpn,16247,"M247-UK M247 UK Ltd, trading as M247",1,GB,1,1,1,1,78.0
Goosevpn,7018,ATT-INTERNET4,1,US,1,1,1,1,78.0
Hide.me,33387,NOCIX,1,US,1,1,1,1,95.0
Hide.me,43641,SOLLUTIUM-NL,1,PL,1,1,1,1,95.0
Hide.me,56803,AS-DATASOURCE,1,CH,1,1,1,1,95.0
HideIPVPN,12479,UNI2-AS,1,ES,1,1,1,1,70.0
HideIPVPN,13213,UK2NET-AS,1,GB,1,1,1,1,70.0
HideIPVPN,212531,INTERNETO-VIZIJA,1,LT,1,1,1,1,70.0
HideIPVPN,30633,LEASEWEB-USA-WDC,1,US,1,1,1,1,70.0
HideIPVPN,56694,SMARTAPE,1,RU,1,1,1,1,70.0
HideIPVPN,6364,ATLANTIC-NET-1,1,US,1,1,1,1,70.0
HideIPVPN,7979,SERVERS-COM,1,US,1,1,1,1,70.0
Hotspotshield,12844,BOUYGTEL-B2B,1,FR,1,1,1,1,78.0
Hotspotshield,134094,"SERVERFIELD-AS Serverfield Co., Ltd.",1,TW,1,1,1,1,78.0
Hotspotshield,154047,IT2-AS-AP IT Nut Hosting,1,BD,1,1,1,1,78.0
Hotspotshield,205983,INDE-PTE-EU,1,SG,1,1,1,1,78.0
Hotspotshield,30860,YURTEH-AS,1,UA,1,1,1,1,78.0
Hotspotshield,396356,LATITUDE-SH,1,US,1,1,1,1,78.0
Hotspotshield,40676,AS40676 - Psychz Networks,1,US,1,1,1,1,78.0
Hotspotshield,49372,WICHITA-INTER-KONNECTS-1LL4H,1,GB,1,1,1,1,78.0
Hotspotshield,50183,CENTURY-LTD,1,MH,1,1,1,1,78.0
Hotspotshield,51852,PLI-AS,1,PA,1,1,1,1,78.0
Hotspotshield,62282,RACKRAY UAB Rakrejus,1,LT,1,1,1,1,78.0
IVPN,13213,UK2NET-AS,1,US,1,1,1,1,95.0
IVPN,16247,"M247-UK M247 UK Ltd, trading as M247",1,GB,1,1,1,1,95.0
IVPN,199524,GCORE,1,LU,1,1,1,1,95.0
IVPN,200651,FLOKINET,1,IS,1,1,1,1,95.0
IVPN,203020,HOSTROYALE,1,US,1,1,1,1,95.0
IVPN,212238,CDNEXT,1,GB,1,1,1,1,95.0
IVPN,268581,QNAX LTDA,1,BR,1,1,1,1,95.0
IVPN,3236,SERVER server.ua,1,UA,1,1,1,1,95.0
IVPN,48031,XSERVERCLOUD,1,UA,1,1,1,1,95.0
IVPN,50613,THORDC-AS,1,IS,1,1,1,1,95.0
Integrityvpn,8473,BAHNHOF,1,SE,1,1,1,1,78.0
Ivacy,197706,"KEMINET A datacenter located in TiranaAlbania. Webhosting, Dedicated Servers, VPS, IPv4IPv6 leasing",1,AL,1,1,1,1,95.0
Ivacy,203020,HOSTROYALE,1,PT,1,1,1,1,95.0
Ivacy,209378,INIOS-AS,1,FI,1,1,1,1,95.0
Ivacy,30633,LEASEWEB-USA-WDC,1,US,1,1,1,1,95.0
Ivacy,3223,VOXILITY,1,UK,1,1,1,1,95.0
Ivacy,43289,TRABIA,1,MD,1,1,1,1,95.0
Ivacy,46475,LIMESTONENETWORKS,1,US,1,1,1,1,95.0
Ivacy,51430,ALTUS,1,BG,1,1,1,1,95.0
KevinVPN,149020,WEBHORIZON-AS-AP WebHorizon Internet Services,1,SG,1,1,1,1,70.0
KevinVPN,202422,GHOST,1,LU,1,1,1,1,70.0
KevinVPN,207590,LOCLIXIT-AS,1,IT,1,1,1,1,70.0
KevinVPN,208208,CYBERSE Cyberse GmbH & Co. KG,1,DE,1,1,1,1,70.0
KevinVPN,210429,HIZAKURA-,1,NL,1,1,1,1,70.0
KevinVPN,213887,WAICORE-LTD WAICORE LTD,1,GB,1,1,1,1,70.0
KevinVPN,214640,HOSTUP HOSTUP,1,SE,1,1,1,1,70.0
KevinVPN,215960,HEARTBEAT-IT,1,DE,1,1,1,1,70.0
KevinVPN,29222,INFOMANIAK-AS,1,CH,1,1,1,1,70.0
KevinVPN,32181,ASN-GIGENET,1,US,1,1,1,1,70.0
KevinVPN,399646,DARTNODE,1,US,1,1,1,1,70.0
KevinVPN,401665,HOSTBILBY,1,CA,1,1,1,1,70.0
KevinVPN,49791,AS-3HCLOUD,1,US,1,1,1,1,70.0
KevinVPN,57043,HOSTKEY-AS,1,NL,1,1,1,1,70.0
KevinVPN,62425,KUZEYDC,1,TR,1,1,1,1,70.0
KevinVPN,63473,HOSTHATCH,1,US,1,1,1,1,70.0
KevinVPN,9009,M247,1,RO,1,1,1,1,70.0
KeyDrop,197540,NETCUP-AS netcup GmbH,1,DE,1,1,1,1,70.0
KeyDrop,200350,YANDEXCLOUD,1,RU,1,1,1,1,70.0
KeyDrop,210644,AEZA-AS,1,RU,1,1,1,1,70.0
KeyDrop,29182,RU-JSCIOT,1,RU,1,1,1,1,70.0
KeyDrop,48347,MTW-AS,1,RU,1,1,1,1,70.0
Kompot VPN,20207,Gigared S.A.,1,AR,1,1,1,1,80.0
Kompot VPN,216246,RU-AEZA-AS,1,RU,1,1,1,1,80.0
Kompot VPN,51659,ASBAXET,1,RU,1,1,1,1,70.0
Kompot VPN,6206,NETROUTING-AS,1,NL,1,1,1,1,80.0
Le VPN,138915,KAOPU-HK Kaopu Cloud HK Limited,1,HK,1,1,1,1,70.0
Le VPN,39020,COMVIVE-AS Seville - Spain,1,ES,1,1,1,1,70.0
Le VPN,395954,LEASEWEB-USA-LAX,1,US,1,1,1,1,70.0
Le VPN,42708,GLESYS glesys.com,1,SE,1,1,1,1,70.0
Le VPN,42831,"UKSERVERS-AS UK Dedicated Servers, Hosting and Co-Location",1,GB,1,1,1,1,70.0
Le VPN,50613,THORDC-AS,1,IS,1,1,1,1,70.0
LimeVPN,14586,NUCLEARFALLOUT-CHI,1,US,1,1,1,1,70.0
LimeVPN,214505,NUCLEARFALLOUT-FRA,1,US,1,1,1,1,70.0
LimeVPN,32374,NUCLEARFALLOUT-LAX,1,US,1,1,1,1,70.0
LimeVPN,400475,NUCLEARFALLOUT-DAL,1,US,1,1,1,1,70.0
MoriVPN,14544,RETEK,1,US,1,1,1,1,80.0
NetShade,205544,LEASEWEB-UK-LON-11,1,GB,1,1,1,1,95.0
NetShade,29066,VELIANET-AS velia.net Internetdienste GmbH,1,DE,1,1,1,1,95.0
NetShade,29302,HSI-EUROPE,1,US,1,1,1,1,95.0
NetShade,60068,CDN77 _,1,GB,1,1,1,1,95.0
NetShade,6939,HURRICANE,1,US,1,1,1,1,95.0
OVPN,32489,AMANAHA-NEW,1,CA,1,1,1,1,95.0
OVPN,3399,OBE-NET,1,SE,1,1,1,1,95.0
OVPN,42708,GLESYS glesys.com,1,SE,1,1,1,1,95.0
OVPN,49367,ASSEFLOW,1,IT,1,1,1,1,95.0
OysterVPN,133752,LEASEWEB-APAC-HKG-10 LEASEWEB HONG KONG LIMITED,1,HK,1,1,1,1,95.0
OysterVPN,14061,DIGITALOCEAN-ASN,1,NL,1,1,1,1,95.0
OysterVPN,206991,IXIR,1,TR,1,1,1,1,95.0
OysterVPN,30900,WEBWORLD-AS ta Web World Ireland,1,EU,1,1,1,1,95.0
OysterVPN,395954,LEASEWEB-USA-LAX,1,US,1,1,1,1,95.0
OysterVPN,40676,AS40676 - Psychz Networks,1,US,1,1,1,1,95.0
PhantomPeer,29691,NINE,1,CH,1,1,1,1,88.0
PhantomPeer,42708,GLESYS glesys.com,1,SE,1,1,1,1,88.0
PhantomPeer,9009,M247,1,RO,1,1,1,1,88.0
Privado,9009,M247,1,RO,1,1,1,1,95.0
Private Internet Access,0,,1,IN,1,1,1,1,95.0
Private Internet Access,4213,EVOCATIVE-GLOBAL,1,US,1,1,1,1,95.0
Private Internet Access,46475,LIMESTONENETWORKS,1,US,1,1,1,1,95.0
Private Internet Access,60068,CDN77 _,1,UK,1,1,1,1,95.0
PrivateVPN,11831,ESECUREDATA,1,CA,1,1,1,1,95.0
PrivateVPN,136557,HOST-AS-AP Host Universal Pty Ltd,1,NZ,1,1,1,1,95.0
PrivateVPN,16302,SUOMICOMMUNICATIONS,1,FI,1,1,1,1,88.0
PrivateVPN,197648,CL8ASN1,1,CY,1,1,1,1,88.0
PrivateVPN,200805,MELITACABLE,1,MT,1,1,1,1,95.0
PrivateVPN,201924,LERTAS-AS,1,SK,1,1,1,1,95.0
PrivateVPN,202422,GHOST,1,TR,1,1,1,1,95.0
PrivateVPN,202759,FAIRYHOSTING,1,EE,1,1,1,1,88.0
PrivateVPN,204302,AUTO1-RIPE,1,SE,1,1,1,1,95.0
PrivateVPN,207821,INTERNETBOLAGET-DE,1,DE,1,1,1,1,95.0
PrivateVPN,20910,BALTKOM-AS,1,LV,1,1,1,1,95.0
PrivateVPN,212531,INTERNETO-VIZIJA,1,LT,1,1,1,1,95.0
PrivateVPN,22411,GTD PERU S.A,1,PE,1,1,1,1,95.0
PrivateVPN,24085,QTSC-AS-VN Quang Trung Software City Development Company,1,VN,1,1,1,1,95.0
PrivateVPN,24768,ALMOUROLTEC,1,PT,1,1,1,1,95.0
PrivateVPN,24851,UK-NETCETERA Netcetera Autonomous System Peers,1,IM,1,1,1,1,95.0
PrivateVPN,25369,BANDWIDTH-AS,1,GB,1,1,1,1,95.0
PrivateVPN,268581,QNAX LTDA,1,BR,1,1,1,1,95.0
PrivateVPN,29485,AMIS,1,HR,1,1,1,1,95.0
PrivateVPN,3236,SERVER server.ua,1,UA,1,1,1,1,95.0
PrivateVPN,3790,RADIOGRAFICA COSTARRICENSE,1,CR,1,1,1,1,95.0
PrivateVPN,43289,TRABIA,1,MD,1,1,1,1,95.0
PrivateVPN,50613,THORDC-AS,1,IS,1,1,1,1,95.0
PrivateVPN,58955,"BANGMODENTERPRISE-TH Bangmod Enterprise Co., Ltd.",1,TH,1,1,1,1,95.0
PrivateVPN,6866,CYTA-NETWORK Internet Services,1,CY,1,1,1,1,95.0
PrivateVPN,7979,SERVERS-COM,1,US,1,1,1,1,95.0
PrivateVPN,9678,HOSTINGINSIDE HostingInside LTD.,1,TW,1,1,1,1,95.0
ProtonVPN,12417,DHH-AS,1,HR,1,1,1,1,95.0
ProtonVPN,1257,TELE2,1,EU,1,1,1,1,95.0
ProtonVPN,12975,PALTEL-AS PALTEL Autonomous System,1,PS,1,1,1,1,95.0
ProtonVPN,137373,IDNIC-SUITEN-AS-ID PT. SUITEN INOVASI SUKSES,1,ID,1,1,1,1,95.0
ProtonVPN,137409,GSLNETWORKS-AS-AP GSL Networks Pty LTD,1,AU,1,1,1,1,95.0
ProtonVPN,200698,GLOBALHOST-BOSNIA-AS,1,BA,1,1,1,1,95.0
ProtonVPN,200899,INTERSPACE-EUROPE,1,MK,1,1,1,1,95.0
ProtonVPN,203020,HOSTROYALE,1,IN,1,1,1,1,95.0
ProtonVPN,32489,AMANAHA-NEW,1,CA,1,1,1,1,95.0
ProtonVPN,35432,CABLENET-AS,1,CY,1,1,1,1,95.0
ProtonVPN,37518,FIBERGRID,1,SC,1,1,1,1,95.0
ProtonVPN,39798,MIVOCLOUD,1,MD,1,1,1,1,95.0
ProtonVPN,46475,LIMESTONENETWORKS,1,US,1,1,1,1,95.0
ProtonVPN,4785,XTOM-AS-JP xTom,1,JP,1,1,1,1,95.0
ProtonVPN,51430,ALTUS,1,NL,1,1,1,1,95.0
ProtonVPN,51765,CREANOVA-AS Oy Creanova Hosting Solutions Ltd.,1,FI,1,1,1,1,95.0
ProtonVPN,58065,PACKETEXCHANGE,1,GB,1,1,1,1,95.0
ProtonVPN,61272,IST-AS,1,LT,1,1,1,1,95.0
ProtonVPN,8473,BAHNHOF,1,SE,1,1,1,1,95.0
ProtonVPN,939,USA-2022,1,US,1,1,1,1,95.0
ProtonVPN,9678,HOSTINGINSIDE HostingInside LTD.,1,TW,1,1,1,1,95.0
Proxpn,133752,LEASEWEB-APAC-HKG-10 LEASEWEB HONG KONG LIMITED,1,HK,1,1,1,1,78.0
Proxpn,29691,NINE,1,CH,1,1,1,1,78.0
Proxpn,3790,RADIOGRAFICA COSTARRICENSE,1,CR,1,1,1,1,78.0
Proxpn,50613,THORDC-AS,1,IS,1,1,1,1,78.0
PureVPN,133480,INT-5GN-AS-AP 5G NETWORK OPERATIONS PTY LTD,1,AU,1,1,1,1,88.0
PureVPN,213790,LIMITEDNETWORK-AS,1,GB,1,1,1,1,88.0
PureVPN,30633,LEASEWEB-USA-WDC,1,US,1,1,1,1,88.0
PureVPN,393886,LEASEWEB-USA-MIA,1,US,1,1,1,1,88.0
RedShield VPN,207459,AS-TEKNOSOS-INT,1,TR,1,1,1,1,95.0
RedShield VPN,51765,CREANOVA-AS Oy Creanova Hosting Solutions Ltd.,1,FI,1,1,1,1,95.0
RedShield VPN,58955,"BANGMODENTERPRISE-TH Bangmod Enterprise Co., Ltd.",1,TH,1,1,1,1,95.0
RedShield VPN,62563,AS-GLOBALTELEHOST,1,CA,1,1,1,1,95.0
Riseup VPN,4224,CALYX-AS,1,US,1,1,1,1,95.0
Safervpn,12876,Online SAS,1,FR,1,1,1,1,78.0
Safervpn,133752,LEASEWEB-APAC-HKG-10 LEASEWEB HONG KONG LIMITED,1,HK,1,1,1,1,78.0
Safervpn,1680,NV-ASN CELLCOM ltd.,1,IL,1,1,1,1,78.0
Safervpn,197648,CL8ASN1,1,CY,1,1,1,1,78.0
Safervpn,202053,UPCLOUD,1,FI,1,1,1,1,78.0
Safervpn,204094,I4W,1,PT,1,1,1,1,78.0
Safervpn,20860,IOMART-AS,1,GB,1,1,1,1,78.0
Safervpn,210772,NEWPUSH,1,HU,1,1,1,1,78.0
Safervpn,23884,PROENNET-AS Proen Corp Public Company Limited.,1,TH,1,1,1,1,78.0
Safervpn,27257,WEBAIR-INTERNET,1,US,1,1,1,1,78.0
Safervpn,27323,SERVERSTADIUM,1,US,1,1,1,1,78.0
Safervpn,29691,NINE,1,CH,1,1,1,1,78.0
Safervpn,34989,SERVETHEWORLD-AS,1,NO,1,1,1,1,78.0
Safervpn,37153,xneelo,1,ZA,1,1,1,1,78.0
Safervpn,39020,COMVIVE-AS Seville - Spain,1,ES,1,1,1,1,78.0
Safervpn,51430,ALTUS,1,NL,1,1,1,1,78.0
Safervpn,60404,LITESERVER,1,NL,1,1,1,1,78.0
Safervpn,61138,ZAPPIE-HOST-AS Zappie Host,1,US,1,1,1,1,78.0
Safervpn,9009,M247,1,RO,1,1,1,1,78.0
Sentinel dVPN,12735,ASTURKNET,1,TR,1,1,1,1,95.0
Sentinel dVPN,133159,MAMMOTHMEDIA-AS-AP Mammoth Media Pty Ltd,1,AU,1,1,1,1,95.0
Sentinel dVPN,133480,INT-5GN-AS-AP 5G NETWORK OPERATIONS PTY LTD,1,AU,1,1,1,1,95.0
Sentinel dVPN,133752,LEASEWEB-APAC-HKG-10 LEASEWEB HONG KONG LIMITED,1,HK,1,1,1,1,95.0
Sentinel dVPN,133800,IDNIC-BIZNETGIO-AS-ID PT Biznet Gio Nusantara,1,ID,1,1,1,1,95.0
Sentinel dVPN,137552,TTSB-AS-AP Terabix,1,MY,1,1,1,1,95.0
Sentinel dVPN,140443,IDNIC-HERZA-AS-ID PT Herza Digital Indonesia,1,ID,1,1,1,1,95.0
Sentinel dVPN,14061,DIGITALOCEAN-ASN,1,US,1,1,1,1,95.0
Sentinel dVPN,142064,VERGETEL1-AS-AP VERGETEL,1,AU,1,1,1,1,95.0
Sentinel dVPN,149440,EVOXTENTERPRISE-AS-AP Evoxt Enterprise,1,MY,1,1,1,1,95.0
Sentinel dVPN,14956,ROUTERHOSTING,1,US,1,1,1,1,95.0
Sentinel dVPN,151407,HNSL-AS-AP Hytron Network Services Limited,1,HK,1,1,1,1,95.0
Sentinel dVPN,152565,JOYSVC-AS-IN JOY SERVICES,1,IN,1,1,1,1,95.0
Sentinel dVPN,154177,LIGHT4-AS-AP LIGHT NODE LIMITED,1,HK,1,1,1,1,95.0
Sentinel dVPN,154376,CLOUDVALLEY-AS-AP Cloudvalley Sdn. Bhd.,1,MY,1,1,1,1,95.0
Sentinel dVPN,16010,MAGTICOMAS Magticom,1,GE,1,1,1,1,95.0
Sentinel dVPN,174,COGENT-174,1,US,1,1,1,1,95.0
Sentinel dVPN,18403,FPT-AS-AP FPT Telecom Company,1,VN,1,1,1,1,95.0
Sentinel dVPN,19318,IS-AS-1,1,US,1,1,1,1,95.0
Sentinel dVPN,197540,NETCUP-AS netcup GmbH,1,DE,1,1,1,1,95.0
Sentinel dVPN,198588,TUNGSTEN,1,CN,1,1,1,1,95.0
Sentinel dVPN,203363,KUROIT Kuroit Limited,1,GB,1,1,1,1,95.0
Sentinel dVPN,203380,DAINTERNATIONALGROUP,1,BG,1,1,1,1,95.0
Sentinel dVPN,203758,AARONSMITH-AS,1,GB,1,1,1,1,95.0
Sentinel dVPN,204044,ONLYSERVERS Dedicated Server Hosting Provider,1,GB,1,1,1,1,95.0
Sentinel dVPN,205090,FIRST-SERVER-EUROPE,1,GB,1,1,1,1,95.0
Sentinel dVPN,207083,HOSTSLIM-GLOBAL-NETWORK,1,EE,1,1,1,1,95.0
Sentinel dVPN,209243,QUICKHOSTUK,1,GB,1,1,1,1,95.0
Sentinel dVPN,209874,TECHTIDE,1,PT,1,1,1,1,95.0
Sentinel dVPN,210429,HIZAKURA-,1,NL,1,1,1,1,95.0
Sentinel dVPN,210634,YESONGIT,1,CN,1,1,1,1,95.0
Sentinel dVPN,211273,-Reserved AS-,1,AE,1,1,1,1,95.0
Sentinel dVPN,212027,PEBBLEHOST,1,GB,1,1,1,1,95.0
Sentinel dVPN,213438,COLOCATEL-INC Colocatel Network - High Bandwidth Dedicated Servers,1,SC,1,1,1,1,95.0
Sentinel dVPN,213791,XENIAHOSTING,1,IT,1,1,1,1,95.0
Sentinel dVPN,213900,RS,1,AL,1,1,1,1,95.0
Sentinel dVPN,214483,FIBERPOWER-AS,1,US,1,1,1,1,95.0
Sentinel dVPN,214640,HOSTUP HOSTUP,1,SE,1,1,1,1,95.0
Sentinel dVPN,214668,AXUSHOST,1,NL,1,1,1,1,95.0
Sentinel dVPN,214970,STREADER,1,NL,1,1,1,1,95.0
Sentinel dVPN,215089,FASTPANDA,1,GB,1,1,1,1,95.0
Sentinel dVPN,215859,HETZNER-CLOUD4-AS,1,DE,1,1,1,1,95.0
Sentinel dVPN,216382,LAYER,1,AE,1,1,1,1,95.0
Sentinel dVPN,24768,ALMOUROLTEC,1,PT,1,1,1,1,95.0
Sentinel dVPN,24961,MYLOC-AS IP Backbone of WIIT AG formerly myLoc managed IT AG,1,DE,1,1,1,1,95.0
Sentinel dVPN,24971,MASTER-AS Czech Republic  www.master.cz,1,CZ,1,1,1,1,95.0
Sentinel dVPN,26832,RICAWEBSERVICES,1,CA,1,1,1,1,95.0
Sentinel dVPN,270013,J AND J SPA INFOFRACTAL,1,CL,1,1,1,1,95.0
Sentinel dVPN,27879,Informatica y Telecomunicaciones S.A.,1,AR,1,1,1,1,95.0
Sentinel dVPN,29447,TIF-AS Iliad Italia S.p.A,1,FR,1,1,1,1,95.0
Sentinel dVPN,30722,VODAFONE-IT-ASN,1,IT,1,1,1,1,95.0
Sentinel dVPN,3215,France Telecom - Orange,1,FR,1,1,1,1,95.0
Sentinel dVPN,32613,IWEB-AS,1,CA,1,1,1,1,95.0
Sentinel dVPN,328364,Host-Africa-AS,1,ZA,1,1,1,1,95.0
Sentinel dVPN,33576,DIG001,1,JM,1,1,1,1,95.0
Sentinel dVPN,33915,TNF-AS,1,NL,1,1,1,1,95.0
Sentinel dVPN,36530,FUTURE-LAIN,1,US,1,1,1,1,95.0
Sentinel dVPN,37153,xneelo,1,ZA,1,1,1,1,95.0
Sentinel dVPN,39347,SELL-AS Orasul Navodari - Primaria Navodari,1,RO,1,1,1,1,95.0
Sentinel dVPN,401665,HOSTBILBY,1,CA,1,1,1,1,95.0
Sentinel dVPN,40994,"ALWYZON Alwyzon, a trading name of Hohl IT e.U.",1,AT,1,1,1,1,95.0
Sentinel dVPN,41608,NEXTGENWEBS-NL,1,ES,1,1,1,1,95.0
Sentinel dVPN,42655,BESTHOSTING-AS,1,UA,1,1,1,1,95.0
Sentinel dVPN,44382,WHITELABEL,1,US,1,1,1,1,95.0
Sentinel dVPN,44709,CLOUDWEBMANAGE-,1,IL,1,1,1,1,95.0
Sentinel dVPN,44803,WEBDOCK-AS,1,DK,1,1,1,1,95.0
Sentinel dVPN,44925,THE-1984-AS,1,IS,1,1,1,1,95.0
Sentinel dVPN,46844,SHARKTECH,1,US,1,1,1,1,95.0
Sentinel dVPN,47447,TTM,1,DE,1,1,1,1,95.0
Sentinel dVPN,4760,HKTIMS-AP HKT Limited,1,HK,1,1,1,1,95.0
Sentinel dVPN,48031,XSERVERCLOUD,1,UA,1,1,1,1,95.0
Sentinel dVPN,48314,IP-PROJECTS,1,DE,1,1,1,1,95.0
Sentinel dVPN,49770,INTERNETPORT-AS,1,SE,1,1,1,1,95.0
Sentinel dVPN,50613,THORDC-AS,1,IS,1,1,1,1,95.0
Sentinel dVPN,51202,NUXOA,1,DE,1,1,1,1,95.0
Sentinel dVPN,52423,Data Miners S.A.  Racknation.cr,1,CR,1,1,1,1,95.0
Sentinel dVPN,5410,BOUYGTEL-ISP,1,FR,1,1,1,1,95.0
Sentinel dVPN,5607,BSKYB-BROADBAND-AS,1,GB,1,1,1,1,95.0
Sentinel dVPN,5617,TPNET,1,PL,1,1,1,1,95.0
Sentinel dVPN,57043,HOSTKEY-AS,1,NL,1,1,1,1,95.0
Sentinel dVPN,57717,FBX-AS,1,NL,1,1,1,1,95.0
Sentinel dVPN,62425,KUZEYDC,1,TR,1,1,1,1,95.0
Sentinel dVPN,62563,AS-GLOBALTELEHOST,1,CA,1,1,1,1,95.0
Sentinel dVPN,63023,AS-GLOBALTELEHOST,1,US,1,1,1,1,95.0
Sentinel dVPN,701,UUNET,1,US,1,1,1,1,95.0
Sentinel dVPN,7018,ATT-INTERNET4,1,US,1,1,1,1,95.0
Sentinel dVPN,7489,HOSTUS-GLOBAL-AS HostUS,1,HK,1,1,1,1,95.0
Sentinel dVPN,8251,NFX_ZSPO,1,CZ,1,1,1,1,95.0
Sentinel dVPN,8434,TELENOR-SE Telenor Sverige AB,1,SE,1,1,1,1,95.0
Sentinel dVPN,8708,RCS-RDS 73-75 Dr. Staicovici,1,RO,1,1,1,1,95.0
Sentinel dVPN,9038,BAT-AS9038,1,JO,1,1,1,1,95.0
Sentinel dVPN,9269,HKBN-AS-AP Hong Kong Broadband Network Ltd.,1,HK,1,1,1,1,95.0
Sentinel dVPN,9790,TWO-DEGREES-AS-AP Two Degrees Networks Limited,1,NZ,1,1,1,1,95.0
Sentinel dVPN,9931,"CAT-AP The Communication Authoity of Thailand, CAT",1,TH,1,1,1,1,95.0
SlickVPN,10297,ENET-2,1,US,1,1,1,1,88.0
SlickVPN,23470,RELIABLESITE,1,US,1,1,1,1,88.0
SlickVPN,33083,AXCELX-NET,1,US,1,1,1,1,88.0
SlickVPN,33387,NOCIX,1,US,1,1,1,1,88.0
SlickVPN,40156,THEOPT-HOU,1,US,1,1,1,1,88.0
SlickVPN,46261,QUICKPACKET,1,US,1,1,1,1,88.0
SlickVPN,57169,EDIS-AS-EU,1,AT,1,1,1,1,88.0
SlickVPN,63949,AKAMAI-LINODE-AP Akamai Connected Cloud,1,SG,1,1,1,1,88.0
SlickVPN,6428,CDM,1,US,1,1,1,1,88.0
SmartVPN,12876,Online SAS,1,FR,1,1,1,1,88.0
SmartVPN,29691,NINE,1,CH,1,1,1,1,88.0
SmartVPN,39020,COMVIVE-AS Seville - Spain,1,ES,1,1,1,1,88.0
SmartVPN,42708,GLESYS glesys.com,1,SE,1,1,1,1,88.0
SmartVPN,48894,OPTIMUS-AS,1,SI,1,1,1,1,88.0
SmartVPN,61102,INTERHOST,1,IL,1,1,1,1,88.0
Smartdnsproxy,20860,IOMART-AS,1,GB,1,1,1,1,78.0
Smartdnsproxy,212238,CDNEXT,1,GB,1,1,1,1,78.0
Smartdnsproxy,30736,ASERGO-AS,1,DK,1,1,1,1,78.0
Smartdnsproxy,32489,AMANAHA-NEW,1,CA,1,1,1,1,78.0
Smartdnsproxy,34989,SERVETHEWORLD-AS,1,NO,1,1,1,1,78.0
Smartdnsproxy,40676,AS40676 - Psychz Networks,1,US,1,1,1,1,78.0
Smartdnsproxy,42708,GLESYS glesys.com,1,SE,1,1,1,1,78.0
Smartdnsproxy,47521,IPHOST .GR IpDomain,1,GR,1,1,1,1,78.0
Smartdnsproxy,49334,SH-COM-,1,TR,1,1,1,1,78.0
Smartdnsproxy,49367,ASSEFLOW,1,IT,1,1,1,1,78.0
Smartdnsproxy,51852,PLI-AS,1,PA,1,1,1,1,78.0
Smartdnsproxy,57169,EDIS-AS-EU,1,AT,1,1,1,1,78.0
Smartdnsproxy,6364,ATLANTIC-NET-1,1,US,1,1,1,1,78.0
SotaVPN,42532,VEESP-LV-AS,1,LV,1,1,1,1,95.0
SotaVPN,60404,LITESERVER,1,NL,1,1,1,1,95.0
StrongVPN,396356,LATITUDE-SH,1,US,1,1,1,1,95.0
StrongVPN,46562,PERFORMIVE,1,US,1,1,1,1,80.0
StrongVPN,51765,CREANOVA-AS Oy Creanova Hosting Solutions Ltd.,1,FI,1,1,1,1,80.0
Surfshark,20278,NEXEON,1,US,1,1,1,1,95.0
Surfshark,36352,AS-COLOCROSSING,1,US,1,1,1,1,95.0
Surfshark,396356,LATITUDE-SH,1,MX,1,1,1,1,95.0
Surfshark,45382,EHOSTIDC-AS-KR Hostcenter,1,KR,1,1,1,1,95.0
SwitchVPN,138199,TRANSATEL1-AS-AP Transatel,1,SG,1,1,1,1,88.0
SwitchVPN,15547,NETPLUS,1,CH,1,1,1,1,88.0
SwitchVPN,16276,OVH,1,FR,1,1,1,1,88.0
SwitchVPN,203020,HOSTROYALE,1,IN,1,1,1,1,88.0
SwitchVPN,24806,"INTERNET-CZ Ktis 2, 384 03 Ktis",1,CZ,1,1,1,1,88.0
SwitchVPN,36352,AS-COLOCROSSING,1,US,1,1,1,1,88.0
SwitchVPN,42160,LCPDCO LCP AS dc oostkamp,1,BE,1,1,1,1,88.0
SwitchVPN,42237,W1N,1,GB,1,1,1,1,88.0
SwitchVPN,45382,EHOSTIDC-AS-KR Hostcenter,1,KR,1,1,1,1,88.0
SwitchVPN,50304,BLIX,1,NO,1,1,1,1,88.0
SwitchVPN,53755,IOFLOOD,1,US,1,1,1,1,88.0
SwitchVPN,55720,GIGABIT-MY Gigabit Hosting Sdn Bhd,1,MY,1,1,1,1,88.0
SwitchVPN,57169,EDIS-AS-EU,1,AT,1,1,1,1,88.0
SwitchVPN,61317,ASDETUK www.heficed.com,1,US,1,1,1,1,88.0
SwitchVPN,7979,SERVERS-COM,1,US,1,1,1,1,88.0
Trust.Zone,133480,INT-5GN-AS-AP 5G NETWORK OPERATIONS PTY LTD,1,AU,1,1,1,1,70.0
Trust.Zone,14061,DIGITALOCEAN-ASN,1,US,1,1,1,1,70.0
Trust.Zone,197155,ARTNET,1,PL,1,1,1,1,70.0
Trust.Zone,197706,"KEMINET A datacenter located in TiranaAlbania. Webhosting, Dedicated Servers, VPS, IPv4IPv6 leasing",1,AL,1,1,1,1,70.0
Trust.Zone,206264,AMARUTU-TECHNOLOGY,1,SC,1,1,1,1,70.0
Trust.Zone,206446,CLOUDLEASE,1,IL,1,1,1,1,70.0
Trust.Zone,3236,SERVER server.ua,1,UA,1,1,1,1,70.0
Trust.Zone,42926,RADORE,1,TR,1,1,1,1,70.0
Trust.Zone,50979,ITL-LV,1,US,1,1,1,1,70.0
Trust.Zone,61317,ASDETUK www.heficed.com,1,US,1,1,1,1,70.0
Trust.Zone,6698,VIRTUALSYSTEMS,1,UA,1,1,1,1,70.0
TunnelBear,136258,"ONEPROVIDER-AS BrainStorm Network, Inc",1,CA,1,1,1,1,95.0
TunnelBear,49367,ASSEFLOW,1,IT,1,1,1,1,95.0
VPN Gate,10066,GAYANET-AS-KR LG HelloVision Corp.,1,KR,1,1,1,1,78.0
VPN Gate,11232,MIDCO-NET,1,US,1,1,1,1,78.0
VPN Gate,12389,ROSTELECOM-AS PJSC Rostelecom. Technical Team,1,RU,1,1,1,1,78.0
VPN Gate,1257,TELE2,1,EU,1,1,1,1,78.0
VPN Gate,131267,UNITEL-LA Star Telecom,1,LA,1,1,1,1,78.0
VPN Gate,17506,UCOM ARTERIA Networks Corporation,1,JP,1,1,1,1,78.0
VPN Gate,17511,OPTAGE OPTAGE Inc.,1,JP,1,1,1,1,78.0
VPN Gate,17583,KCNNET-AS-KR Keumgang Cable Network,1,KR,1,1,1,1,78.0
VPN Gate,17858,POWERVIS-AS-KR LG POWERCOMM,1,KR,1,1,1,1,78.0
VPN Gate,17864,SKB-TBROAD_HANVIT-AS-KR SK Broadband Co Ltd,1,KR,1,1,1,1,78.0
VPN Gate,23578,SKB-NAMDONGNET-AS-KR SK Broadband Co Ltd,1,KR,1,1,1,1,78.0
VPN Gate,23778,"CANET IMIZU CABLE NETWORK CO.,LTD.",1,JP,1,1,1,1,78.0
VPN Gate,23969,TOT-NET TOT Public Company Limited,1,TH,1,1,1,1,78.0
VPN Gate,2497,IIJ Internet Initiative Japan Inc.,1,JP,1,1,1,1,78.0
VPN Gate,38673,KCTVNET-AS-KR Korea Cable TV Kwangju Broadcasting,1,KR,1,1,1,1,78.0
VPN Gate,38680,CMBHK-AS-KR CMB,1,KR,1,1,1,1,78.0
VPN Gate,41349,MVMTECH-AS,1,RU,1,1,1,1,78.0
VPN Gate,59478,IPSERVICE-AS,1,UA,1,1,1,1,78.0
VPN Gate,7552,VIETEL-AS-AP Viettel Group,1,VN,1,1,1,1,78.0
VPN Gate,8749,"REDCOM-AS Redcom, Khabarovsk, Russia",1,RU,1,1,1,1,78.0
VPN Gate,9009,M247,1,RO,1,1,1,1,78.0
VPN Gate,9605,"DOCOMO NTT DOCOMO, INC.",1,JP,1,1,1,1,78.0
VPN Jantit,12876,Online SAS,1,FR,1,1,1,1,88.0
VPN Jantit,202422,GHOST,1,LU,1,1,1,1,88.0
VPN Jantit,203576,INTERNETBILISIM,1,TR,1,1,1,1,88.0
VPN Jantit,207569,I-SERVERS-NORTH-EU to AS51765 announce AS207569,1,GB,1,1,1,1,88.0
VPN Jantit,21100,ITLDC-EU,1,US,1,1,1,1,88.0
VPN Jantit,216475,NKTELECOM,1,US,1,1,1,1,88.0
VPN Jantit,328364,Host-Africa-AS,1,ZA,1,1,1,1,88.0
VPN Jantit,329184,Host-Africa-AS2,1,ZA,1,1,1,1,88.0
VPN Jantit,36352,AS-COLOCROSSING,1,US,1,1,1,1,88.0
VPN Jantit,37963,"ALIBABA-CN-NET Hangzhou Alibaba Advertising Co.,Ltd.",1,CN,1,1,1,1,88.0
VPN Jantit,41111,AS-GEOHOSTING,1,RO,1,1,1,1,88.0
VPN Jantit,42474,IL,1,EE,1,1,1,1,88.0
VPN Jantit,49683,MASSIVEGRID,1,GB,1,1,1,1,88.0
VPN Jantit,53667,PONYNET,1,US,1,1,1,1,88.0
VPN Jantit,56322,SERVERASTRA-AS,1,HU,1,1,1,1,88.0
VPN Jantit,56380,AS-ITFRUIT,1,MD,1,1,1,1,88.0
VPN Jantit,59364,VHOST-HOLDINGS-SG vHost Holdings Pte Ltd,1,SG,1,1,1,1,88.0
VPN Jantit,59711,HZ-EU-AS,1,BG,1,1,1,1,88.0
VPN Jantit,62212,AS62212,1,EE,1,1,1,1,88.0
VPN Jantit,8254,ROUTE95,1,US,1,1,1,1,88.0
VPN Jantit,9335,CAT-CLOUD-AP CAT Telecom Public Company Limited,1,TH,1,1,1,1,88.0
VPN Unlimited,174,COGENT-174,1,US,1,1,1,1,70.0
VPN Unlimited,27323,SERVERSTADIUM,1,US,1,1,1,1,70.0
VPN Unlimited,37153,xneelo,1,ZA,1,1,1,1,70.0
VPN Unlimited,48031,XSERVERCLOUD,1,UA,1,1,1,1,70.0
VPN Unlimited,7203,LEASEWEB-USA-SFO,1,US,1,1,1,1,70.0
VPN.ac,0,,1,IT,1,1,1,1,95.0
VPN.ac,13213,UK2NET-AS,1,GB,1,1,1,1,95.0
VPN.ac,16125,CHERRYSERVERS1-AS,1,LT,1,1,1,1,95.0
VPN.ac,205544,LEASEWEB-UK-LON-11,1,GB,1,1,1,1,95.0
VPN.ac,24768,ALMOUROLTEC,1,PT,1,1,1,1,95.0
VPN.ac,30083,AS-30083-US-VELIA-NET,1,DE,1,1,1,1,95.0
VPN.ac,30475,WEHOSTWEBSITES-COM,1,US,1,1,1,1,95.0
VPN.ac,34989,SERVETHEWORLD-AS,1,NO,1,1,1,1,95.0
VPN.ac,51852,PLI-AS,1,PA,1,1,1,1,95.0
VPN.ac,61317,ASDETUK www.heficed.com,1,US,1,1,1,1,95.0
VPNObratno,34533,ESAMARA-AS,1,RU,1,1,1,1,88.0
VPNObratno,41843,ERTH-OMSK-AS,1,RU,1,1,1,1,88.0
VPNObratno,48327,RAY-AS,1,RU,1,1,1,1,88.0
VPNObratno,59815,TRINITY-AS,1,RU,1,1,1,1,88.0
VPNSecure,133752,LEASEWEB-APAC-HKG-10 LEASEWEB HONG KONG LIMITED,1,HK,1,1,1,1,88.0
VPNSecure,199404,WHG-IN,1,GB,1,1,1,1,88.0
VPNSecure,210329,CLOUDWEBMANAGE-UK-1,1,US,1,1,1,1,88.0
VPNSecure,215089,FASTPANDA,1,GB,1,1,1,1,88.0
VPNSecure,44709,CLOUDWEBMANAGE-,1,IL,1,1,1,1,88.0
VPNSecure,59615,SERVERUM-AS,1,LV,1,1,1,1,88.0
VPNSecure,60800,NHL-AS1,1,GB,1,1,1,1,88.0
VPNSecure,8473,BAHNHOF,1,SE,1,1,1,1,88.0
VPNUK,0,,1,US,1,1,1,1,70.0
VPNUK,133752,LEASEWEB-APAC-HKG-10 LEASEWEB HONG KONG LIMITED,1,HK,1,1,1,1,95.0
VPNUK,206991,IXIR,1,TR,1,1,1,1,95.0
VPNUK,21130,IOMART-IE,1,GB,1,1,1,1,70.0
VPNUK,24961,MYLOC-AS IP Backbone of WIIT AG formerly myLoc managed IT AG,1,DE,1,1,1,1,95.0
VPNUK,28753,LEASEWEB-DE-FRA-10,1,DE,1,1,1,1,70.0
VPNUK,29802,HVC-AS,1,US,1,1,1,1,70.0
VPNUK,30900,WEBWORLD-AS ta Web World Ireland,1,IE,1,1,1,1,95.0
VPNUK,32097,WII,1,US,1,1,1,1,95.0
VPNUK,39020,COMVIVE-AS Seville - Spain,1,ES,1,1,1,1,70.0
Vpnfacile,41000,FREETHOUGHT-AS,1,GB,1,1,1,1,78.0
Vpnfacile,5650,FRONTIER-FRTR,1,US,1,1,1,1,78.0
Vpnht,30736,ASERGO-AS,1,DK,1,1,1,1,78.0
Vpnht,45382,EHOSTIDC-AS-KR Hostcenter,1,KR,1,1,1,1,78.0
Vpnht,4694,IDCF IDC Frontier Inc.,1,JP,1,1,1,1,78.0
Vpnht,49870,AS49870-BV,1,NL,1,1,1,1,78.0
Vpnht,50867,ORG-LVA15-AS,1,NL,1,1,1,1,78.0
Vpnht,60781,LEASEWEB-NL-AMS-01 Netherlands,1,NL,1,1,1,1,78.0
Vpnht,61138,ZAPPIE-HOST-AS Zappie Host,1,US,1,1,1,1,78.0
WorldVPN,26383,ASNET,1,RO,1,1,1,1,88.0
WorldVPN,53363,TANGRAM-CANADA-INC,1,CA,1,1,1,1,88.0
Zoogvpn,11831,ESECUREDATA,1,CA,1,1,1,1,78.0
Zoogvpn,12297,TELECOM-ARMENIA Telecom Armenia AS,1,AM,1,1,1,1,78.0
Zoogvpn,12876,Online SAS,1,FR,1,1,1,1,78.0
Zoogvpn,133950,HOOPLAHOSTING-AS-AP Hoopla Hosting Limited,1,NZ,1,1,1,1,78.0
Zoogvpn,140787,LAMA-AS-VN LAM A ARCHITECTURE CONSTRUCTION COMPANY LIMITED,1,VN,1,1,1,1,78.0
Zoogvpn,154177,LIGHT4-AS-AP LIGHT NODE LIMITED,1,HK,1,1,1,1,78.0
Zoogvpn,197450,SUNUCUN,1,TR,1,1,1,1,78.0
Zoogvpn,202759,FAIRYHOSTING,1,EE,1,1,1,1,78.0
Zoogvpn,20473,AS-VULTR,1,US,1,1,1,1,78.0
Zoogvpn,207569,I-SERVERS-NORTH-EU to AS51765 announce AS207569,1,GB,1,1,1,1,78.0
Zoogvpn,211971,GOODHOSTKZ Goodhost.KZ - Hosting provider of Kazakhstan. Dedicated and VDSVPS hosting,1,KZ,1,1,1,1,78.0
Zoogvpn,212336,BYTEVIRTLLC,1,US,1,1,1,1,78.0
Zoogvpn,23679,NUSANET-AS-ID PT. Media Antar Nusa,1,ID,1,1,1,1,78.0
Zoogvpn,262287,Latitude.sh LTDA,1,BR,1,1,1,1,78.0
Zoogvpn,35758,HQSERV_NETWORKS,1,IL,1,1,1,1,78.0
Zoogvpn,37153,xneelo,1,ZA,1,1,1,1,78.0
Zoogvpn,396356,LATITUDE-SH,1,US,1,1,1,1,78.0
Zoogvpn,43289,TRABIA,1,MD,1,1,1,1,78.0
Zoogvpn,43350,NFORCE,1,NL,1,1,1,1,78.0
Zoogvpn,44133,IPAX-AS,1,AT,1,1,1,1,78.0
Zoogvpn,47810,PROSERVICE,1,GE,1,1,1,1,78.0
Zoogvpn,49367,ASSEFLOW,1,IT,1,1,1,1,78.0
Zoogvpn,51765,CREANOVA-AS Oy Creanova Hosting Solutions Ltd.,1,FI,1,1,1,1,78.0
Zoogvpn,55286,SERVER-MANIA,1,CA,1,1,1,1,78.0
Zoogvpn,56067,METRABYTE-TH 453 Ladplacout Jorakhaebua,1,TH,1,1,1,1,78.0
Zoogvpn,56322,SERVERASTRA-AS,1,HU,1,1,1,1,78.0
Zoogvpn,58061,SCALAXY-AS,1,LV,1,1,1,1,78.0
Zoogvpn,60404,LITESERVER,1,NL,1,1,1,1,78.0
Zoogvpn,61102,INTERHOST,1,IL,1,1,1,1,78.0
Zoogvpn,61272,IST-AS,1,LT,1,1,1,1,78.0
Zoogvpn,6698,VIRTUALSYSTEMS,1,UA,1,1,1,1,78.0
Zoogvpn,8849,MELBICOM-EU-AS Melbikomas UAB,1,LT,1,1,1,1,78.0
Zoogvpn,906,DMIT,1,US,1,1,1,1,78.0
uVPN,202422,GHOST,1,LU,1,1,1,1,70.0
uVPN,20473,AS-VULTR,1,US,1,1,1,1,70.0
uVPN,20860,IOMART-AS,1,GB,1,1,1,1,70.0
uVPN,39326,HSO-GROUP,1,GB,1,1,1,1,70.0
